========================================================================
DNS Block 3 — Full Training  (TRAIN_SAMPLES=2000)
========================================================================
Job ID       : 66147341
Node         : falcon4
Started      : Sat May 30 05:15:26 EEST 2026
========================================================================

Python       : /gpfs/helios/home/etais/hpc_bilal/nn_proj/venv_gpu/bin/python
Python ver   : Python 3.9.12

LEARNING_RATE  : 0.005
HIDDEN_SIZE_A  : 161  (GRU)
HIDDEN_SIZE_B  : 161  (CRN)
TRAIN_SAMPLES  : 2000
NUM_EPOCHS     : 100
RUN_TYPE       : full_train

/gpfs/helios/home/etais/hpc_bilal/nn_proj/venv_gpu/lib/python3.9/site-packages/torch/cuda/__init__.py:63: FutureWarning: The pynvml package is deprecated. Please install nvidia-ml-py instead. If you did not install pynvml directly, please report this to the maintainers of the package that installed pynvml for you.
  import pynvml  # type: ignore[import]
======================================================================
DNS Project — Block 3: Model Training
======================================================================
RUN_TYPE       : full_train
LEARNING_RATE  : 0.005
HIDDEN_SIZE_A  : 161  (GRU)
HIDDEN_SIZE_B  : 161  (CRN bottleneck)
TRAIN_SAMPLES  : 2000 per epoch (online synthesis)
NUM_EPOCHS     : 100
BATCH_SIZE     : 16
GRAD_CLIP      : 1.0
LR scheduler   : StepLR step=5 gamma=0.95
Device         : cuda
GPU count      : 4
  GPU 0        : Tesla V100-SXM2-32GB
  GPU 1        : Tesla V100-SXM2-32GB
  GPU 2        : Tesla V100-SXM2-32GB
  GPU 3        : Tesla V100-SXM2-32GB
Model A dir    : /gpfs/helios/home/etais/hpc_bilal/nn_proj/runs/full_train/lr5em03_samp2000/gru_h161
Model B dir    : /gpfs/helios/home/etais/hpc_bilal/nn_proj/runs/full_train/lr5em03_samp2000/crn_h161

Loading fixed val and test sets from disk...
[Block 1] EvalDataset: 2000 samples from /gpfs/helios/home/etais/hpc_bilal/nn_proj/eval_dataset/val/pt_files
[Block 1] EvalDataset: 2000 samples from /gpfs/helios/home/etais/hpc_bilal/nn_proj/eval_dataset/test/pt_files
Pre-loading val batches into memory...
Val batches loaded: 125
Pre-loading test batches into memory...
Test batches loaded: 125

======================================================================
MODEL A — GRU
======================================================================

======================================================================
Training: GRU h=161
======================================================================
Parameters: 339,066

Using 4 GPUs with DataParallel
[codecarbon WARNING @ 05:16:10] Multiple instances of codecarbon are allowed to run at the same time.

Epoch 1/100  lr=5.00e-03
------------------------------------------------------------
  [epoch 1/100]  batch 10/125  loss=0.112713
  [epoch 1/100]  batch 20/125  loss=0.098413
  [epoch 1/100]  batch 30/125  loss=0.107048
  [epoch 1/100]  batch 40/125  loss=0.100452
  [epoch 1/100]  batch 50/125  loss=0.076642
  [epoch 1/100]  batch 60/125  loss=0.113283
  [epoch 1/100]  batch 70/125  loss=0.092858
  [epoch 1/100]  batch 80/125  loss=0.084060
  [epoch 1/100]  batch 90/125  loss=0.087574
  [epoch 1/100]  batch 100/125  loss=0.066294
  [epoch 1/100]  batch 110/125  loss=0.079060
  [epoch 1/100]  batch 120/125  loss=0.083837
------------------------------------------------------------
Epoch   1/100  train=0.100263  val=0.090326  gap=-0.009937  time=1654s  energy=0.00Wh  CO2=0.00g
  ✓ Best model saved (val_loss=0.090326)

Epoch 2/100  lr=5.00e-03
------------------------------------------------------------
  [epoch 2/100]  batch 10/125  loss=0.098073
  [epoch 2/100]  batch 20/125  loss=0.092444
  [epoch 2/100]  batch 30/125  loss=0.099949
  [epoch 2/100]  batch 40/125  loss=0.075995
  [epoch 2/100]  batch 50/125  loss=0.082012
  [epoch 2/100]  batch 60/125  loss=0.088820
Signal is not finite or has very high values after bandpass filtering, returning original data.
Probably the order parameter is too high.
Max value in bandpass augmented data (the augmentation is ignored), (xmax, ymax): 1.041377833411736 1.3496494538356272
lowcut, highcut, fs, order: 79.3569952434208 3702.8668183033833 16000 7
  [epoch 2/100]  batch 70/125  loss=0.096806
  [epoch 2/100]  batch 80/125  loss=0.078692
  [epoch 2/100]  batch 90/125  loss=0.064678
  [epoch 2/100]  batch 100/125  loss=0.070170
  [epoch 2/100]  batch 110/125  loss=0.062459
  [epoch 2/100]  batch 120/125  loss=0.063013
------------------------------------------------------------
Epoch   2/100  train=0.083592  val=0.079522  gap=-0.004071  time=1628s  energy=0.00Wh  CO2=0.00g
  ✓ Best model saved (val_loss=0.079522)

Epoch 3/100  lr=5.00e-03
------------------------------------------------------------
  [epoch 3/100]  batch 10/125  loss=0.066371
  [epoch 3/100]  batch 20/125  loss=0.062551
  [epoch 3/100]  batch 30/125  loss=0.099020
  [epoch 3/100]  batch 40/125  loss=0.084109
  [epoch 3/100]  batch 50/125  loss=0.082853
  [epoch 3/100]  batch 60/125  loss=0.082385
  [epoch 3/100]  batch 70/125  loss=0.093153
  [epoch 3/100]  batch 80/125  loss=0.083041
  [epoch 3/100]  batch 90/125  loss=0.075352
  [epoch 3/100]  batch 100/125  loss=0.098575
  [epoch 3/100]  batch 110/125  loss=0.060292
  [epoch 3/100]  batch 120/125  loss=0.071994
------------------------------------------------------------
Epoch   3/100  train=0.081810  val=0.076791  gap=-0.005019  time=1631s  energy=0.00Wh  CO2=0.00g
  ✓ Best model saved (val_loss=0.076791)

Epoch 4/100  lr=5.00e-03
------------------------------------------------------------
  [epoch 4/100]  batch 10/125  loss=0.064221
  [epoch 4/100]  batch 20/125  loss=0.065386
  [epoch 4/100]  batch 30/125  loss=0.081940
  [epoch 4/100]  batch 40/125  loss=0.057562
  [epoch 4/100]  batch 50/125  loss=0.086574
  [epoch 4/100]  batch 60/125  loss=0.067072
Signal is not finite or has very high values after bandpass filtering, returning original data.
Probably the order parameter is too high.
Max value in bandpass augmented data (the augmentation is ignored), (xmax, ymax): 0.835261139925042 1.1280355505236586
lowcut, highcut, fs, order: 85.33003978208754 3919.3709988215787 16000 7
  [epoch 4/100]  batch 70/125  loss=0.087992
  [epoch 4/100]  batch 80/125  loss=0.104961
  [epoch 4/100]  batch 90/125  loss=0.077650
  [epoch 4/100]  batch 100/125  loss=0.070530
  [epoch 4/100]  batch 110/125  loss=0.106302
  [epoch 4/100]  batch 120/125  loss=0.077213
------------------------------------------------------------
Epoch   4/100  train=0.077688  val=0.076718  gap=-0.000971  time=1614s  energy=0.00Wh  CO2=0.00g
  ✓ Best model saved (val_loss=0.076718)

Epoch 5/100  lr=5.00e-03
------------------------------------------------------------
  [epoch 5/100]  batch 10/125  loss=0.064031
  [epoch 5/100]  batch 20/125  loss=0.080884
  [epoch 5/100]  batch 30/125  loss=0.095540
  [epoch 5/100]  batch 40/125  loss=0.070103
  [epoch 5/100]  batch 50/125  loss=0.074219
  [epoch 5/100]  batch 60/125  loss=0.067419
  [epoch 5/100]  batch 70/125  loss=0.088144
  [epoch 5/100]  batch 80/125  loss=0.085463
  [epoch 5/100]  batch 90/125  loss=0.063382
  [epoch 5/100]  batch 100/125  loss=0.082435
  [epoch 5/100]  batch 110/125  loss=0.074394
  [epoch 5/100]  batch 120/125  loss=0.060623
------------------------------------------------------------
Epoch   5/100  train=0.077158  val=0.079089  gap=+0.001931  time=1631s  energy=0.00Wh  CO2=0.00g
  No improvement. Best val=0.076718
  Checkpoint saved: /gpfs/helios/home/etais/hpc_bilal/nn_proj/runs/full_train/lr5em03_samp2000/gru_h161/checkpoints/checkpoint_epoch5.pt

Epoch 6/100  lr=4.75e-03
------------------------------------------------------------
  [epoch 6/100]  batch 10/125  loss=0.084373
  [epoch 6/100]  batch 20/125  loss=0.062304
  [epoch 6/100]  batch 30/125  loss=0.083250
  [epoch 6/100]  batch 40/125  loss=0.066536
  [epoch 6/100]  batch 50/125  loss=0.074926
  [epoch 6/100]  batch 60/125  loss=0.069606
  [epoch 6/100]  batch 70/125  loss=0.080272
  [epoch 6/100]  batch 80/125  loss=0.089655
Signal is not finite or has very high values after bandpass filtering, returning original data.
Probably the order parameter is too high.
Max value in bandpass augmented data (the augmentation is ignored), (xmax, ymax): 0.7674402406715815 1.0166447344860279
lowcut, highcut, fs, order: 23.47579817813807 3839.3922996117744 16000 7
  [epoch 6/100]  batch 90/125  loss=0.069167
  [epoch 6/100]  batch 100/125  loss=0.071397
  [epoch 6/100]  batch 110/125  loss=0.078275
  [epoch 6/100]  batch 120/125  loss=0.095833
------------------------------------------------------------
Epoch   6/100  train=0.075729  val=0.074707  gap=-0.001022  time=1620s  energy=0.00Wh  CO2=0.00g
  ✓ Best model saved (val_loss=0.074707)

Epoch 7/100  lr=4.75e-03
------------------------------------------------------------
  [epoch 7/100]  batch 10/125  loss=0.060508
  [epoch 7/100]  batch 20/125  loss=0.063150
  [epoch 7/100]  batch 30/125  loss=0.082219
  [epoch 7/100]  batch 40/125  loss=0.067173
  [epoch 7/100]  batch 50/125  loss=0.064769
  [epoch 7/100]  batch 60/125  loss=0.095621
  [epoch 7/100]  batch 70/125  loss=0.089969
  [epoch 7/100]  batch 80/125  loss=0.087320
  [epoch 7/100]  batch 90/125  loss=0.071301
  [epoch 7/100]  batch 100/125  loss=0.071190
  [epoch 7/100]  batch 110/125  loss=0.090428
  [epoch 7/100]  batch 120/125  loss=0.057461
------------------------------------------------------------
Epoch   7/100  train=0.075763  val=0.076855  gap=+0.001092  time=1650s  energy=0.00Wh  CO2=0.00g
  No improvement. Best val=0.074707

Epoch 8/100  lr=4.75e-03
------------------------------------------------------------
  [epoch 8/100]  batch 10/125  loss=0.090546
  [epoch 8/100]  batch 20/125  loss=0.079888
  [epoch 8/100]  batch 30/125  loss=0.076422
  [epoch 8/100]  batch 40/125  loss=0.078506
  [epoch 8/100]  batch 50/125  loss=0.073869
  [epoch 8/100]  batch 60/125  loss=0.075354
  [epoch 8/100]  batch 70/125  loss=0.102655
  [epoch 8/100]  batch 80/125  loss=0.079288
  [epoch 8/100]  batch 90/125  loss=0.057932
  [epoch 8/100]  batch 100/125  loss=0.066834
  [epoch 8/100]  batch 110/125  loss=0.071887
  [epoch 8/100]  batch 120/125  loss=0.065427
------------------------------------------------------------
Epoch   8/100  train=0.072263  val=0.072289  gap=+0.000026  time=1639s  energy=0.00Wh  CO2=0.00g
  ✓ Best model saved (val_loss=0.072289)

Epoch 9/100  lr=4.75e-03
------------------------------------------------------------
Signal is not finite or has very high values after bandpass filtering, returning original data.
Probably the order parameter is too high.
Max value in bandpass augmented data (the augmentation is ignored), (xmax, ymax): 0.5974896800271348 1.1359555489351134
lowcut, highcut, fs, order: 21.066196808205156 2420.3360805546604 16000 7
  [epoch 9/100]  batch 10/125  loss=0.082850
  [epoch 9/100]  batch 20/125  loss=0.080153
  [epoch 9/100]  batch 30/125  loss=0.096127
  [epoch 9/100]  batch 40/125  loss=0.073641
  [epoch 9/100]  batch 50/125  loss=0.071743
Signal is not finite or has very high values after bandpass filtering, returning original data.
Probably the order parameter is too high.
Max value in bandpass augmented data (the augmentation is ignored), (xmax, ymax): 0.9705294438331833 1.2925443994727177
lowcut, highcut, fs, order: 71.15766493422953 3820.2897452318684 16000 7
  [epoch 9/100]  batch 60/125  loss=0.075823
  [epoch 9/100]  batch 70/125  loss=0.065453
  [epoch 9/100]  batch 80/125  loss=0.086732
  [epoch 9/100]  batch 90/125  loss=0.095820
  [epoch 9/100]  batch 100/125  loss=0.054333
  [epoch 9/100]  batch 110/125  loss=0.101278
  [epoch 9/100]  batch 120/125  loss=0.078744
Signal is not finite or has very high values after bandpass filtering, returning original data.
Probably the order parameter is too high.
Max value in bandpass augmented data (the augmentation is ignored), (xmax, ymax): 1.1623220658430669 1.4930456881312728
lowcut, highcut, fs, order: 86.49854549398715 3823.788571567218 16000 7
------------------------------------------------------------
Epoch   9/100  train=0.073722  val=0.074541  gap=+0.000819  time=1639s  energy=0.00Wh  CO2=0.00g
  No improvement. Best val=0.072289

Epoch 10/100  lr=4.75e-03
------------------------------------------------------------
  [epoch 10/100]  batch 10/125  loss=0.074705
  [epoch 10/100]  batch 20/125  loss=0.047307
  [epoch 10/100]  batch 30/125  loss=0.094365
  [epoch 10/100]  batch 40/125  loss=0.086894
  [epoch 10/100]  batch 50/125  loss=0.050557
  [epoch 10/100]  batch 60/125  loss=0.071049
  [epoch 10/100]  batch 70/125  loss=0.064023
  [epoch 10/100]  batch 80/125  loss=0.089220
  [epoch 10/100]  batch 90/125  loss=0.077193
  [epoch 10/100]  batch 100/125  loss=0.072498
  [epoch 10/100]  batch 110/125  loss=0.069684
  [epoch 10/100]  batch 120/125  loss=0.069080
------------------------------------------------------------
Epoch  10/100  train=0.073059  val=0.071638  gap=-0.001421  time=1648s  energy=0.00Wh  CO2=0.00g
  ✓ Best model saved (val_loss=0.071638)
  Checkpoint saved: /gpfs/helios/home/etais/hpc_bilal/nn_proj/runs/full_train/lr5em03_samp2000/gru_h161/checkpoints/checkpoint_epoch10.pt

Epoch 11/100  lr=4.51e-03
------------------------------------------------------------
  [epoch 11/100]  batch 10/125  loss=0.066570
  [epoch 11/100]  batch 20/125  loss=0.063170
  [epoch 11/100]  batch 30/125  loss=0.066115
  [epoch 11/100]  batch 40/125  loss=0.071783
  [epoch 11/100]  batch 50/125  loss=0.069623
  [epoch 11/100]  batch 60/125  loss=0.058690
  [epoch 11/100]  batch 70/125  loss=0.088455
  [epoch 11/100]  batch 80/125  loss=0.067297
Signal is not finite or has very high values after bandpass filtering, returning original data.
Probably the order parameter is too high.
Max value in bandpass augmented data (the augmentation is ignored), (xmax, ymax): 0.67324227643614 1.00232063320935
lowcut, highcut, fs, order: 15.144047517086362 2220.99787930788 16000 7
Signal is not finite or has very high values after bandpass filtering, returning original data.
Probably the order parameter is too high.
Max value in bandpass augmented data (the augmentation is ignored), (xmax, ymax): 1.2957691661253692 1.645946780450677
lowcut, highcut, fs, order: 46.460400272205916 3195.8140045987884 16000 7
  [epoch 11/100]  batch 90/125  loss=0.068372
  [epoch 11/100]  batch 100/125  loss=0.056894
  [epoch 11/100]  batch 110/125  loss=0.080992
  [epoch 11/100]  batch 120/125  loss=0.080004
------------------------------------------------------------
Epoch  11/100  train=0.071161  val=0.073514  gap=+0.002353  time=1645s  energy=0.00Wh  CO2=0.00g
  No improvement. Best val=0.071638

Epoch 12/100  lr=4.51e-03
------------------------------------------------------------
  [epoch 12/100]  batch 10/125  loss=0.060002
  [epoch 12/100]  batch 20/125  loss=0.084348
  [epoch 12/100]  batch 30/125  loss=0.069345
  [epoch 12/100]  batch 40/125  loss=0.057204
  [epoch 12/100]  batch 50/125  loss=0.064163
  [epoch 12/100]  batch 60/125  loss=0.075241
  [epoch 12/100]  batch 70/125  loss=0.080836
  [epoch 12/100]  batch 80/125  loss=0.069125
  [epoch 12/100]  batch 90/125  loss=0.055283
  [epoch 12/100]  batch 100/125  loss=0.079649
  [epoch 12/100]  batch 110/125  loss=0.072740
  [epoch 12/100]  batch 120/125  loss=0.062450
------------------------------------------------------------
Epoch  12/100  train=0.070909  val=0.070765  gap=-0.000144  time=1626s  energy=0.00Wh  CO2=0.00g
  ✓ Best model saved (val_loss=0.070765)

Epoch 13/100  lr=4.51e-03
------------------------------------------------------------
  [epoch 13/100]  batch 10/125  loss=0.074756
  [epoch 13/100]  batch 20/125  loss=0.085676
  [epoch 13/100]  batch 30/125  loss=0.058051
  [epoch 13/100]  batch 40/125  loss=0.078987
  [epoch 13/100]  batch 50/125  loss=0.080824
  [epoch 13/100]  batch 60/125  loss=0.078484
  [epoch 13/100]  batch 70/125  loss=0.081533
  [epoch 13/100]  batch 80/125  loss=0.074652
  [epoch 13/100]  batch 90/125  loss=0.072000
  [epoch 13/100]  batch 100/125  loss=0.093649
  [epoch 13/100]  batch 110/125  loss=0.080507
  [epoch 13/100]  batch 120/125  loss=0.064276
------------------------------------------------------------
Epoch  13/100  train=0.071923  val=0.074777  gap=+0.002855  time=1618s  energy=0.00Wh  CO2=0.00g
  No improvement. Best val=0.070765

Epoch 14/100  lr=4.51e-03
------------------------------------------------------------
  [epoch 14/100]  batch 10/125  loss=0.067428
  [epoch 14/100]  batch 20/125  loss=0.058024
  [epoch 14/100]  batch 30/125  loss=0.077003
  [epoch 14/100]  batch 40/125  loss=0.077589
  [epoch 14/100]  batch 50/125  loss=0.077992
  [epoch 14/100]  batch 60/125  loss=0.090278
  [epoch 14/100]  batch 70/125  loss=0.053065
  [epoch 14/100]  batch 80/125  loss=0.077546
  [epoch 14/100]  batch 90/125  loss=0.062567
  [epoch 14/100]  batch 100/125  loss=0.079881
  [epoch 14/100]  batch 110/125  loss=0.062757
  [epoch 14/100]  batch 120/125  loss=0.064222
------------------------------------------------------------
Epoch  14/100  train=0.071822  val=0.069734  gap=-0.002088  time=1659s  energy=0.00Wh  CO2=0.00g
  ✓ Best model saved (val_loss=0.069734)

Epoch 15/100  lr=4.51e-03
------------------------------------------------------------
  [epoch 15/100]  batch 10/125  loss=0.079590
  [epoch 15/100]  batch 20/125  loss=0.060896
  [epoch 15/100]  batch 30/125  loss=0.072804
  [epoch 15/100]  batch 40/125  loss=0.046339
  [epoch 15/100]  batch 50/125  loss=0.055109
  [epoch 15/100]  batch 60/125  loss=0.061523
  [epoch 15/100]  batch 70/125  loss=0.068975
  [epoch 15/100]  batch 80/125  loss=0.064460
  [epoch 15/100]  batch 90/125  loss=0.061751
  [epoch 15/100]  batch 100/125  loss=0.077095
  [epoch 15/100]  batch 110/125  loss=0.067211
  [epoch 15/100]  batch 120/125  loss=0.075114
------------------------------------------------------------
Epoch  15/100  train=0.070929  val=0.071273  gap=+0.000343  time=1643s  energy=0.00Wh  CO2=0.00g
  No improvement. Best val=0.069734
  Checkpoint saved: /gpfs/helios/home/etais/hpc_bilal/nn_proj/runs/full_train/lr5em03_samp2000/gru_h161/checkpoints/checkpoint_epoch15.pt

Epoch 16/100  lr=4.29e-03
------------------------------------------------------------
  [epoch 16/100]  batch 10/125  loss=0.085873
  [epoch 16/100]  batch 20/125  loss=0.088658
  [epoch 16/100]  batch 30/125  loss=0.070644
  [epoch 16/100]  batch 40/125  loss=0.064162
  [epoch 16/100]  batch 50/125  loss=0.059745
  [epoch 16/100]  batch 60/125  loss=0.063749
  [epoch 16/100]  batch 70/125  loss=0.068317
  [epoch 16/100]  batch 80/125  loss=0.055869
  [epoch 16/100]  batch 90/125  loss=0.077386
  [epoch 16/100]  batch 100/125  loss=0.074039
  [epoch 16/100]  batch 110/125  loss=0.078084
  [epoch 16/100]  batch 120/125  loss=0.071980
------------------------------------------------------------
Epoch  16/100  train=0.069503  val=0.069573  gap=+0.000070  time=1655s  energy=0.00Wh  CO2=0.00g
  ✓ Best model saved (val_loss=0.069573)

Epoch 17/100  lr=4.29e-03
------------------------------------------------------------
  [epoch 17/100]  batch 10/125  loss=0.068403
  [epoch 17/100]  batch 20/125  loss=0.069523
Signal is not finite or has very high values after bandpass filtering, returning original data.
Probably the order parameter is too high.
Max value in bandpass augmented data (the augmentation is ignored), (xmax, ymax): 0.7871811554592267 1.007441028213472
lowcut, highcut, fs, order: 69.78605765163526 3061.7970994029265 16000 7
  [epoch 17/100]  batch 30/125  loss=0.072363
  [epoch 17/100]  batch 40/125  loss=0.056184
  [epoch 17/100]  batch 50/125  loss=0.042495
  [epoch 17/100]  batch 60/125  loss=0.065642
  [epoch 17/100]  batch 70/125  loss=0.060978
  [epoch 17/100]  batch 80/125  loss=0.078228
  [epoch 17/100]  batch 90/125  loss=0.067506
  [epoch 17/100]  batch 100/125  loss=0.077888
  [epoch 17/100]  batch 110/125  loss=0.078070
  [epoch 17/100]  batch 120/125  loss=0.075291
------------------------------------------------------------
Epoch  17/100  train=0.067877  val=0.069164  gap=+0.001287  time=1668s  energy=0.00Wh  CO2=0.00g
  ✓ Best model saved (val_loss=0.069164)

Epoch 18/100  lr=4.29e-03
------------------------------------------------------------
  [epoch 18/100]  batch 10/125  loss=0.057891
  [epoch 18/100]  batch 20/125  loss=0.055328
  [epoch 18/100]  batch 30/125  loss=0.082565
  [epoch 18/100]  batch 40/125  loss=0.066678
  [epoch 18/100]  batch 50/125  loss=0.057269
  [epoch 18/100]  batch 60/125  loss=0.065713
  [epoch 18/100]  batch 70/125  loss=0.081430
  [epoch 18/100]  batch 80/125  loss=0.054262
  [epoch 18/100]  batch 90/125  loss=0.060615
  [epoch 18/100]  batch 100/125  loss=0.080701
  [epoch 18/100]  batch 110/125  loss=0.070589
  [epoch 18/100]  batch 120/125  loss=0.058472
------------------------------------------------------------
Epoch  18/100  train=0.068480  val=0.069750  gap=+0.001270  time=1635s  energy=0.00Wh  CO2=0.00g
  No improvement. Best val=0.069164

Epoch 19/100  lr=4.29e-03
------------------------------------------------------------
  [epoch 19/100]  batch 10/125  loss=0.063018
  [epoch 19/100]  batch 20/125  loss=0.045874
  [epoch 19/100]  batch 30/125  loss=0.063292
  [epoch 19/100]  batch 40/125  loss=0.057644
  [epoch 19/100]  batch 50/125  loss=0.072016
  [epoch 19/100]  batch 60/125  loss=0.068428
  [epoch 19/100]  batch 70/125  loss=0.073253
  [epoch 19/100]  batch 80/125  loss=0.076877
  [epoch 19/100]  batch 90/125  loss=0.046159
  [epoch 19/100]  batch 100/125  loss=0.067646
  [epoch 19/100]  batch 110/125  loss=0.064732
  [epoch 19/100]  batch 120/125  loss=0.051857
------------------------------------------------------------
Epoch  19/100  train=0.068717  val=0.069567  gap=+0.000850  time=1615s  energy=0.00Wh  CO2=0.00g
  No improvement. Best val=0.069164

Epoch 20/100  lr=4.29e-03
------------------------------------------------------------
  [epoch 20/100]  batch 10/125  loss=0.079049
  [epoch 20/100]  batch 20/125  loss=0.054888
  [epoch 20/100]  batch 30/125  loss=0.079105
  [epoch 20/100]  batch 40/125  loss=0.073231
  [epoch 20/100]  batch 50/125  loss=0.081370
  [epoch 20/100]  batch 60/125  loss=0.067111
  [epoch 20/100]  batch 70/125  loss=0.074052
  [epoch 20/100]  batch 80/125  loss=0.079643
  [epoch 20/100]  batch 90/125  loss=0.069735
  [epoch 20/100]  batch 100/125  loss=0.084088
  [epoch 20/100]  batch 110/125  loss=0.070810
  [epoch 20/100]  batch 120/125  loss=0.071666
------------------------------------------------------------
Epoch  20/100  train=0.069346  val=0.067425  gap=-0.001921  time=1611s  energy=0.00Wh  CO2=0.00g
  ✓ Best model saved (val_loss=0.067425)
  Checkpoint saved: /gpfs/helios/home/etais/hpc_bilal/nn_proj/runs/full_train/lr5em03_samp2000/gru_h161/checkpoints/checkpoint_epoch20.pt

Epoch 21/100  lr=4.07e-03
------------------------------------------------------------
  [epoch 21/100]  batch 10/125  loss=0.085281
  [epoch 21/100]  batch 20/125  loss=0.057158
  [epoch 21/100]  batch 30/125  loss=0.062444
  [epoch 21/100]  batch 40/125  loss=0.050898
  [epoch 21/100]  batch 50/125  loss=0.074584
  [epoch 21/100]  batch 60/125  loss=0.052671
  [epoch 21/100]  batch 70/125  loss=0.066110
  [epoch 21/100]  batch 80/125  loss=0.076051
  [epoch 21/100]  batch 90/125  loss=0.073797
  [epoch 21/100]  batch 100/125  loss=0.070949
  [epoch 21/100]  batch 110/125  loss=0.074007
  [epoch 21/100]  batch 120/125  loss=0.073665
------------------------------------------------------------
Epoch  21/100  train=0.068484  val=0.068651  gap=+0.000167  time=1626s  energy=0.00Wh  CO2=0.00g
  No improvement. Best val=0.067425

Epoch 22/100  lr=4.07e-03
------------------------------------------------------------
  [epoch 22/100]  batch 10/125  loss=0.056607
  [epoch 22/100]  batch 20/125  loss=0.075044
  [epoch 22/100]  batch 30/125  loss=0.066426
  [epoch 22/100]  batch 40/125  loss=0.076367
  [epoch 22/100]  batch 50/125  loss=0.060246
  [epoch 22/100]  batch 60/125  loss=0.057128
  [epoch 22/100]  batch 70/125  loss=0.075719
  [epoch 22/100]  batch 80/125  loss=0.056172
  [epoch 22/100]  batch 90/125  loss=0.054658
  [epoch 22/100]  batch 100/125  loss=0.094490
  [epoch 22/100]  batch 110/125  loss=0.070070
  [epoch 22/100]  batch 120/125  loss=0.061412
------------------------------------------------------------
Epoch  22/100  train=0.067661  val=0.069058  gap=+0.001397  time=1614s  energy=0.00Wh  CO2=0.00g
  No improvement. Best val=0.067425

Epoch 23/100  lr=4.07e-03
------------------------------------------------------------
  [epoch 23/100]  batch 10/125  loss=0.071918
  [epoch 23/100]  batch 20/125  loss=0.072340
  [epoch 23/100]  batch 30/125  loss=0.091787
  [epoch 23/100]  batch 40/125  loss=0.081012
  [epoch 23/100]  batch 50/125  loss=0.078001
  [epoch 23/100]  batch 60/125  loss=0.073322
  [epoch 23/100]  batch 70/125  loss=0.056669
  [epoch 23/100]  batch 80/125  loss=0.062709
Signal is not finite or has very high values after bandpass filtering, returning original data.
Probably the order parameter is too high.
Max value in bandpass augmented data (the augmentation is ignored), (xmax, ymax): 0.8828582122825764 1.1353949876172247
lowcut, highcut, fs, order: 88.14024916762112 3778.862422029544 16000 7
  [epoch 23/100]  batch 90/125  loss=0.058535
  [epoch 23/100]  batch 100/125  loss=0.069235
  [epoch 23/100]  batch 110/125  loss=0.088442
  [epoch 23/100]  batch 120/125  loss=0.066674
------------------------------------------------------------
Epoch  23/100  train=0.068096  val=0.071683  gap=+0.003587  time=1635s  energy=0.00Wh  CO2=0.00g
  No improvement. Best val=0.067425

Epoch 24/100  lr=4.07e-03
------------------------------------------------------------
  [epoch 24/100]  batch 10/125  loss=0.070584
  [epoch 24/100]  batch 20/125  loss=0.083847
  [epoch 24/100]  batch 30/125  loss=0.068146
  [epoch 24/100]  batch 40/125  loss=0.075783
  [epoch 24/100]  batch 50/125  loss=0.057638
  [epoch 24/100]  batch 60/125  loss=0.062330
  [epoch 24/100]  batch 70/125  loss=0.077079
  [epoch 24/100]  batch 80/125  loss=0.069984
  [epoch 24/100]  batch 90/125  loss=0.082882
  [epoch 24/100]  batch 100/125  loss=0.071833
  [epoch 24/100]  batch 110/125  loss=0.070038
  [epoch 24/100]  batch 120/125  loss=0.062493
------------------------------------------------------------
Epoch  24/100  train=0.070569  val=0.070786  gap=+0.000218  time=1613s  energy=0.00Wh  CO2=0.00g
  No improvement. Best val=0.067425

Epoch 25/100  lr=4.07e-03
------------------------------------------------------------
  [epoch 25/100]  batch 10/125  loss=0.058275
  [epoch 25/100]  batch 20/125  loss=0.055953
  [epoch 25/100]  batch 30/125  loss=0.063880
  [epoch 25/100]  batch 40/125  loss=0.063060
  [epoch 25/100]  batch 50/125  loss=0.070063
  [epoch 25/100]  batch 60/125  loss=0.095842
  [epoch 25/100]  batch 70/125  loss=0.070170
  [epoch 25/100]  batch 80/125  loss=0.070877
  [epoch 25/100]  batch 90/125  loss=0.070611
  [epoch 25/100]  batch 100/125  loss=0.067005
  [epoch 25/100]  batch 110/125  loss=0.073002
  [epoch 25/100]  batch 120/125  loss=0.053848
------------------------------------------------------------
Epoch  25/100  train=0.071279  val=0.071022  gap=-0.000257  time=1603s  energy=0.00Wh  CO2=0.00g
  No improvement. Best val=0.067425
  Checkpoint saved: /gpfs/helios/home/etais/hpc_bilal/nn_proj/runs/full_train/lr5em03_samp2000/gru_h161/checkpoints/checkpoint_epoch25.pt

Epoch 26/100  lr=3.87e-03
------------------------------------------------------------
  [epoch 26/100]  batch 10/125  loss=0.055101
  [epoch 26/100]  batch 20/125  loss=0.059928
  [epoch 26/100]  batch 30/125  loss=0.070650
  [epoch 26/100]  batch 40/125  loss=0.078775
  [epoch 26/100]  batch 50/125  loss=0.083987
  [epoch 26/100]  batch 60/125  loss=0.064494
  [epoch 26/100]  batch 70/125  loss=0.065229
  [epoch 26/100]  batch 80/125  loss=0.073181
  [epoch 26/100]  batch 90/125  loss=0.065614
  [epoch 26/100]  batch 100/125  loss=0.077493
  [epoch 26/100]  batch 110/125  loss=0.078645
  [epoch 26/100]  batch 120/125  loss=0.074801
------------------------------------------------------------
Epoch  26/100  train=0.070388  val=0.069856  gap=-0.000533  time=1585s  energy=0.00Wh  CO2=0.00g
  No improvement. Best val=0.067425

Epoch 27/100  lr=3.87e-03
------------------------------------------------------------
  [epoch 27/100]  batch 10/125  loss=0.080071
  [epoch 27/100]  batch 20/125  loss=0.071659
  [epoch 27/100]  batch 30/125  loss=0.061157
  [epoch 27/100]  batch 40/125  loss=0.080592
  [epoch 27/100]  batch 50/125  loss=0.073722
  [epoch 27/100]  batch 60/125  loss=0.066045
  [epoch 27/100]  batch 70/125  loss=0.070142
  [epoch 27/100]  batch 80/125  loss=0.083114
  [epoch 27/100]  batch 90/125  loss=0.067066
  [epoch 27/100]  batch 100/125  loss=0.052228
  [epoch 27/100]  batch 110/125  loss=0.074882
  [epoch 27/100]  batch 120/125  loss=0.068361
------------------------------------------------------------
Epoch  27/100  train=0.067834  val=0.068981  gap=+0.001146  time=1601s  energy=0.00Wh  CO2=0.00g
  No improvement. Best val=0.067425

Epoch 28/100  lr=3.87e-03
------------------------------------------------------------
  [epoch 28/100]  batch 10/125  loss=0.064882
  [epoch 28/100]  batch 20/125  loss=0.086058
  [epoch 28/100]  batch 30/125  loss=0.076594
  [epoch 28/100]  batch 40/125  loss=0.062250
  [epoch 28/100]  batch 50/125  loss=0.060344
  [epoch 28/100]  batch 60/125  loss=0.046419
  [epoch 28/100]  batch 70/125  loss=0.079135
  [epoch 28/100]  batch 80/125  loss=0.070011
  [epoch 28/100]  batch 90/125  loss=0.064225
  [epoch 28/100]  batch 100/125  loss=0.079337
  [epoch 28/100]  batch 110/125  loss=0.065716
  [epoch 28/100]  batch 120/125  loss=0.063807
------------------------------------------------------------
Epoch  28/100  train=0.068424  val=0.069058  gap=+0.000633  time=1592s  energy=0.00Wh  CO2=0.00g
  No improvement. Best val=0.067425

Epoch 29/100  lr=3.87e-03
------------------------------------------------------------
  [epoch 29/100]  batch 10/125  loss=0.068617
  [epoch 29/100]  batch 20/125  loss=0.070653
  [epoch 29/100]  batch 30/125  loss=0.070122
  [epoch 29/100]  batch 40/125  loss=0.076326
  [epoch 29/100]  batch 50/125  loss=0.061314
  [epoch 29/100]  batch 60/125  loss=0.050941
Signal is not finite or has very high values after bandpass filtering, returning original data.
Probably the order parameter is too high.
Max value in bandpass augmented data (the augmentation is ignored), (xmax, ymax): 1.2339313403870071 1.5622993601780801
lowcut, highcut, fs, order: 49.453274250094374 3760.44631594793 16000 7
  [epoch 29/100]  batch 70/125  loss=0.071831
  [epoch 29/100]  batch 80/125  loss=0.054160
  [epoch 29/100]  batch 90/125  loss=0.066366
  [epoch 29/100]  batch 100/125  loss=0.078226
  [epoch 29/100]  batch 110/125  loss=0.077501
  [epoch 29/100]  batch 120/125  loss=0.068374
------------------------------------------------------------
Epoch  29/100  train=0.067876  val=0.068735  gap=+0.000859  time=1607s  energy=0.00Wh  CO2=0.00g
  No improvement. Best val=0.067425

Epoch 30/100  lr=3.87e-03
------------------------------------------------------------
  [epoch 30/100]  batch 10/125  loss=0.073510
  [epoch 30/100]  batch 20/125  loss=0.063884
  [epoch 30/100]  batch 30/125  loss=0.065074
  [epoch 30/100]  batch 40/125  loss=0.064355
  [epoch 30/100]  batch 50/125  loss=0.078413
  [epoch 30/100]  batch 60/125  loss=0.069931
  [epoch 30/100]  batch 70/125  loss=0.065626
  [epoch 30/100]  batch 80/125  loss=0.068655
  [epoch 30/100]  batch 90/125  loss=0.076157
  [epoch 30/100]  batch 100/125  loss=0.059974
  [epoch 30/100]  batch 110/125  loss=0.059468
  [epoch 30/100]  batch 120/125  loss=0.070651
------------------------------------------------------------
Epoch  30/100  train=0.066957  val=0.070754  gap=+0.003798  time=1607s  energy=0.00Wh  CO2=0.00g
  No improvement. Best val=0.067425
  Checkpoint saved: /gpfs/helios/home/etais/hpc_bilal/nn_proj/runs/full_train/lr5em03_samp2000/gru_h161/checkpoints/checkpoint_epoch30.pt

Epoch 31/100  lr=3.68e-03
------------------------------------------------------------
  [epoch 31/100]  batch 10/125  loss=0.073278
  [epoch 31/100]  batch 20/125  loss=0.062894
  [epoch 31/100]  batch 30/125  loss=0.060993
  [epoch 31/100]  batch 40/125  loss=0.063222
  [epoch 31/100]  batch 50/125  loss=0.082563
  [epoch 31/100]  batch 60/125  loss=0.074964
  [epoch 31/100]  batch 70/125  loss=0.058261
  [epoch 31/100]  batch 80/125  loss=0.075002
  [epoch 31/100]  batch 90/125  loss=0.056069
  [epoch 31/100]  batch 100/125  loss=0.066183
  [epoch 31/100]  batch 110/125  loss=0.077098
  [epoch 31/100]  batch 120/125  loss=0.057747
------------------------------------------------------------
Epoch  31/100  train=0.068673  val=0.067439  gap=-0.001234  time=1610s  energy=0.00Wh  CO2=0.00g
  No improvement. Best val=0.067425

Epoch 32/100  lr=3.68e-03
------------------------------------------------------------
  [epoch 32/100]  batch 10/125  loss=0.062402
  [epoch 32/100]  batch 20/125  loss=0.061793
  [epoch 32/100]  batch 30/125  loss=0.063324
  [epoch 32/100]  batch 40/125  loss=0.063191
  [epoch 32/100]  batch 50/125  loss=0.069448
  [epoch 32/100]  batch 60/125  loss=0.055187
  [epoch 32/100]  batch 70/125  loss=0.054493
  [epoch 32/100]  batch 80/125  loss=0.084664
  [epoch 32/100]  batch 90/125  loss=0.044118
  [epoch 32/100]  batch 100/125  loss=0.054086
  [epoch 32/100]  batch 110/125  loss=0.053116
  [epoch 32/100]  batch 120/125  loss=0.069709
------------------------------------------------------------
Epoch  32/100  train=0.066731  val=0.068157  gap=+0.001426  time=1608s  energy=0.00Wh  CO2=0.00g
  No improvement. Best val=0.067425

Epoch 33/100  lr=3.68e-03
------------------------------------------------------------
  [epoch 33/100]  batch 10/125  loss=0.068154
  [epoch 33/100]  batch 20/125  loss=0.062975
  [epoch 33/100]  batch 30/125  loss=0.080317
Signal is not finite or has very high values after bandpass filtering, returning original data.
Probably the order parameter is too high.
Max value in bandpass augmented data (the augmentation is ignored), (xmax, ymax): 1.1627781655404659 1.4783955164033684
lowcut, highcut, fs, order: 57.31154125866423 3335.8525018676905 16000 7
  [epoch 33/100]  batch 40/125  loss=0.048960
  [epoch 33/100]  batch 50/125  loss=0.067563
  [epoch 33/100]  batch 60/125  loss=0.073415
Signal is not finite or has very high values after bandpass filtering, returning original data.
Probably the order parameter is too high.
Max value in bandpass augmented data (the augmentation is ignored), (xmax, ymax): 0.8967613960495185 1.1536002887953973
lowcut, highcut, fs, order: 67.30891975419833 3211.055405475223 16000 7
  [epoch 33/100]  batch 70/125  loss=0.063533
  [epoch 33/100]  batch 80/125  loss=0.054985
  [epoch 33/100]  batch 90/125  loss=0.069599
  [epoch 33/100]  batch 100/125  loss=0.069122
  [epoch 33/100]  batch 110/125  loss=0.067734
  [epoch 33/100]  batch 120/125  loss=0.058610
------------------------------------------------------------
Epoch  33/100  train=0.067160  val=0.066687  gap=-0.000473  time=1633s  energy=0.00Wh  CO2=0.00g
  ✓ Best model saved (val_loss=0.066687)

Epoch 34/100  lr=3.68e-03
------------------------------------------------------------
  [epoch 34/100]  batch 10/125  loss=0.071427
  [epoch 34/100]  batch 20/125  loss=0.059445
  [epoch 34/100]  batch 30/125  loss=0.055061
  [epoch 34/100]  batch 40/125  loss=0.065164
  [epoch 34/100]  batch 50/125  loss=0.061259
  [epoch 34/100]  batch 60/125  loss=0.076823
  [epoch 34/100]  batch 70/125  loss=0.045677
  [epoch 34/100]  batch 80/125  loss=0.060707
Signal is not finite or has very high values after bandpass filtering, returning original data.
Probably the order parameter is too high.
Max value in bandpass augmented data (the augmentation is ignored), (xmax, ymax): 0.7482855259079273 1.0418406184622722
lowcut, highcut, fs, order: 90.0536046402035 2658.8329023494616 16000 7
  [epoch 34/100]  batch 90/125  loss=0.065695
  [epoch 34/100]  batch 100/125  loss=0.056618
  [epoch 34/100]  batch 110/125  loss=0.064581
  [epoch 34/100]  batch 120/125  loss=0.073216
------------------------------------------------------------
Epoch  34/100  train=0.071132  val=0.075516  gap=+0.004384  time=1663s  energy=0.00Wh  CO2=0.00g
  No improvement. Best val=0.066687

Epoch 35/100  lr=3.68e-03
------------------------------------------------------------
  [epoch 35/100]  batch 10/125  loss=0.072415
  [epoch 35/100]  batch 20/125  loss=0.062801
  [epoch 35/100]  batch 30/125  loss=0.067583
  [epoch 35/100]  batch 40/125  loss=0.072766
  [epoch 35/100]  batch 50/125  loss=0.070373
  [epoch 35/100]  batch 60/125  loss=0.058904
  [epoch 35/100]  batch 70/125  loss=0.065759
  [epoch 35/100]  batch 80/125  loss=0.092836
  [epoch 35/100]  batch 90/125  loss=0.073176
  [epoch 35/100]  batch 100/125  loss=0.059073
  [epoch 35/100]  batch 110/125  loss=0.049234
  [epoch 35/100]  batch 120/125  loss=0.053326
------------------------------------------------------------
Epoch  35/100  train=0.071707  val=0.072387  gap=+0.000680  time=1636s  energy=0.00Wh  CO2=0.00g
  No improvement. Best val=0.066687
  Checkpoint saved: /gpfs/helios/home/etais/hpc_bilal/nn_proj/runs/full_train/lr5em03_samp2000/gru_h161/checkpoints/checkpoint_epoch35.pt

Epoch 36/100  lr=3.49e-03
------------------------------------------------------------
  [epoch 36/100]  batch 10/125  loss=0.084166
  [epoch 36/100]  batch 20/125  loss=0.080957
  [epoch 36/100]  batch 30/125  loss=0.082430
  [epoch 36/100]  batch 40/125  loss=0.082088
  [epoch 36/100]  batch 50/125  loss=0.079343
  [epoch 36/100]  batch 60/125  loss=0.077453
  [epoch 36/100]  batch 70/125  loss=0.067208
  [epoch 36/100]  batch 80/125  loss=0.088529
  [epoch 36/100]  batch 90/125  loss=0.069342
  [epoch 36/100]  batch 100/125  loss=0.054981
  [epoch 36/100]  batch 110/125  loss=0.050848
  [epoch 36/100]  batch 120/125  loss=0.075695
------------------------------------------------------------
Epoch  36/100  train=0.069978  val=0.068547  gap=-0.001431  time=1651s  energy=0.00Wh  CO2=0.00g
  No improvement. Best val=0.066687

Epoch 37/100  lr=3.49e-03
------------------------------------------------------------
  [epoch 37/100]  batch 10/125  loss=0.073738
  [epoch 37/100]  batch 20/125  loss=0.082412
  [epoch 37/100]  batch 30/125  loss=0.078018
  [epoch 37/100]  batch 40/125  loss=0.101130
  [epoch 37/100]  batch 50/125  loss=0.088379
  [epoch 37/100]  batch 60/125  loss=0.067419
  [epoch 37/100]  batch 70/125  loss=0.075045
  [epoch 37/100]  batch 80/125  loss=0.078361
  [epoch 37/100]  batch 90/125  loss=0.066282
  [epoch 37/100]  batch 100/125  loss=0.064242
  [epoch 37/100]  batch 110/125  loss=0.070874
  [epoch 37/100]  batch 120/125  loss=0.079226
------------------------------------------------------------
Epoch  37/100  train=0.075142  val=0.072483  gap=-0.002659  time=1623s  energy=0.00Wh  CO2=0.00g
  No improvement. Best val=0.066687

Epoch 38/100  lr=3.49e-03
------------------------------------------------------------
  [epoch 38/100]  batch 10/125  loss=0.069613
  [epoch 38/100]  batch 20/125  loss=0.060676
  [epoch 38/100]  batch 30/125  loss=0.067979
  [epoch 38/100]  batch 40/125  loss=0.085041
  [epoch 38/100]  batch 50/125  loss=0.052830
  [epoch 38/100]  batch 60/125  loss=0.078840
  [epoch 38/100]  batch 70/125  loss=0.064866
  [epoch 38/100]  batch 80/125  loss=0.084823
  [epoch 38/100]  batch 90/125  loss=0.084659
  [epoch 38/100]  batch 100/125  loss=0.087328
  [epoch 38/100]  batch 110/125  loss=0.069689
  [epoch 38/100]  batch 120/125  loss=0.077968
------------------------------------------------------------
Epoch  38/100  train=0.071066  val=0.070053  gap=-0.001014  time=1655s  energy=0.00Wh  CO2=0.00g
  No improvement. Best val=0.066687

Epoch 39/100  lr=3.49e-03
------------------------------------------------------------
  [epoch 39/100]  batch 10/125  loss=0.073344
  [epoch 39/100]  batch 20/125  loss=0.082420
  [epoch 39/100]  batch 30/125  loss=0.078222
  [epoch 39/100]  batch 40/125  loss=0.059356
  [epoch 39/100]  batch 50/125  loss=0.056868
  [epoch 39/100]  batch 60/125  loss=0.075529
Signal is not finite or has very high values after bandpass filtering, returning original data.
Probably the order parameter is too high.
Max value in bandpass augmented data (the augmentation is ignored), (xmax, ymax): 1.0498464250509882 1.5015633458421522
lowcut, highcut, fs, order: 60.10547979855134 3942.9892820570035 16000 7
  [epoch 39/100]  batch 70/125  loss=0.087837
  [epoch 39/100]  batch 80/125  loss=0.070968
  [epoch 39/100]  batch 90/125  loss=0.091703
  [epoch 39/100]  batch 100/125  loss=0.079892
  [epoch 39/100]  batch 110/125  loss=0.060177
  [epoch 39/100]  batch 120/125  loss=0.073494
------------------------------------------------------------
Epoch  39/100  train=0.070808  val=0.073301  gap=+0.002494  time=1627s  energy=0.00Wh  CO2=0.00g
  No improvement. Best val=0.066687

Epoch 40/100  lr=3.49e-03
------------------------------------------------------------
  [epoch 40/100]  batch 10/125  loss=0.077757
  [epoch 40/100]  batch 20/125  loss=0.052538
  [epoch 40/100]  batch 30/125  loss=0.081356
  [epoch 40/100]  batch 40/125  loss=0.058811
  [epoch 40/100]  batch 50/125  loss=0.060949
  [epoch 40/100]  batch 60/125  loss=0.080597
  [epoch 40/100]  batch 70/125  loss=0.073987
  [epoch 40/100]  batch 80/125  loss=0.066135
  [epoch 40/100]  batch 90/125  loss=0.079680
  [epoch 40/100]  batch 100/125  loss=0.069887
  [epoch 40/100]  batch 110/125  loss=0.077687
  [epoch 40/100]  batch 120/125  loss=0.051103
------------------------------------------------------------
Epoch  40/100  train=0.069701  val=0.068366  gap=-0.001335  time=1614s  energy=0.00Wh  CO2=0.00g
  No improvement. Best val=0.066687
  Checkpoint saved: /gpfs/helios/home/etais/hpc_bilal/nn_proj/runs/full_train/lr5em03_samp2000/gru_h161/checkpoints/checkpoint_epoch40.pt

Epoch 41/100  lr=3.32e-03
------------------------------------------------------------
  [epoch 41/100]  batch 10/125  loss=0.077125
  [epoch 41/100]  batch 20/125  loss=0.070502
  [epoch 41/100]  batch 30/125  loss=0.067394
  [epoch 41/100]  batch 40/125  loss=0.059240
  [epoch 41/100]  batch 50/125  loss=0.066532
  [epoch 41/100]  batch 60/125  loss=0.075459
  [epoch 41/100]  batch 70/125  loss=0.068102
  [epoch 41/100]  batch 80/125  loss=0.054760
Signal is not finite or has very high values after bandpass filtering, returning original data.
Probably the order parameter is too high.
Max value in bandpass augmented data (the augmentation is ignored), (xmax, ymax): 0.8149170792444229 1.1495818163357185
lowcut, highcut, fs, order: 47.950014844200886 2693.933070843045 16000 7
  [epoch 41/100]  batch 90/125  loss=0.071885
  [epoch 41/100]  batch 100/125  loss=0.060044
  [epoch 41/100]  batch 110/125  loss=0.069895
  [epoch 41/100]  batch 120/125  loss=0.076843
------------------------------------------------------------
Epoch  41/100  train=0.069353  val=0.069609  gap=+0.000256  time=1636s  energy=0.00Wh  CO2=0.00g
  No improvement. Best val=0.066687

Epoch 42/100  lr=3.32e-03
------------------------------------------------------------
  [epoch 42/100]  batch 10/125  loss=0.061278
  [epoch 42/100]  batch 20/125  loss=0.062951
  [epoch 42/100]  batch 30/125  loss=0.087443
  [epoch 42/100]  batch 40/125  loss=0.071242
  [epoch 42/100]  batch 50/125  loss=0.087607
  [epoch 42/100]  batch 60/125  loss=0.079061
  [epoch 42/100]  batch 70/125  loss=0.075292
  [epoch 42/100]  batch 80/125  loss=0.078210
  [epoch 42/100]  batch 90/125  loss=0.039365
Signal is not finite or has very high values after bandpass filtering, returning original data.
Probably the order parameter is too high.
Max value in bandpass augmented data (the augmentation is ignored), (xmax, ymax): 1.1471321549123619 1.4599516566469837
lowcut, highcut, fs, order: 58.03146650997287 3239.2371638102522 16000 7
  [epoch 42/100]  batch 100/125  loss=0.071272
  [epoch 42/100]  batch 110/125  loss=0.071873
  [epoch 42/100]  batch 120/125  loss=0.057425
------------------------------------------------------------
Epoch  42/100  train=0.069399  val=0.068350  gap=-0.001049  time=1643s  energy=0.00Wh  CO2=0.00g
  No improvement. Best val=0.066687

Epoch 43/100  lr=3.32e-03
------------------------------------------------------------
  [epoch 43/100]  batch 10/125  loss=0.057194
  [epoch 43/100]  batch 20/125  loss=0.079266
  [epoch 43/100]  batch 30/125  loss=0.077522
  [epoch 43/100]  batch 40/125  loss=0.065535
  [epoch 43/100]  batch 50/125  loss=0.071659
  [epoch 43/100]  batch 60/125  loss=0.058533
  [epoch 43/100]  batch 70/125  loss=0.054097
  [epoch 43/100]  batch 80/125  loss=0.054702
  [epoch 43/100]  batch 90/125  loss=0.076782
  [epoch 43/100]  batch 100/125  loss=0.074129
  [epoch 43/100]  batch 110/125  loss=0.069826
  [epoch 43/100]  batch 120/125  loss=0.084101
------------------------------------------------------------
Epoch  43/100  train=0.066893  val=0.070650  gap=+0.003758  time=1674s  energy=0.00Wh  CO2=0.00g
  No improvement. Best val=0.066687

Epoch 44/100  lr=3.32e-03
------------------------------------------------------------
  [epoch 44/100]  batch 10/125  loss=0.080042
  [epoch 44/100]  batch 20/125  loss=0.071144
  [epoch 44/100]  batch 30/125  loss=0.065127
  [epoch 44/100]  batch 40/125  loss=0.066459
  [epoch 44/100]  batch 50/125  loss=0.072287
Signal is not finite or has very high values after bandpass filtering, returning original data.
Probably the order parameter is too high.
Max value in bandpass augmented data (the augmentation is ignored), (xmax, ymax): 0.7457578301969201 1.092185070507048
lowcut, highcut, fs, order: 54.34473245448732 3329.929311315165 16000 7
  [epoch 44/100]  batch 60/125  loss=0.082630
  [epoch 44/100]  batch 70/125  loss=0.076728
  [epoch 44/100]  batch 80/125  loss=0.047112
  [epoch 44/100]  batch 90/125  loss=0.061955
  [epoch 44/100]  batch 100/125  loss=0.067924
  [epoch 44/100]  batch 110/125  loss=0.073105
  [epoch 44/100]  batch 120/125  loss=0.069995
------------------------------------------------------------
Epoch  44/100  train=0.068018  val=0.067768  gap=-0.000250  time=1666s  energy=0.00Wh  CO2=0.00g
  No improvement. Best val=0.066687

Epoch 45/100  lr=3.32e-03
------------------------------------------------------------
  [epoch 45/100]  batch 10/125  loss=0.068839
  [epoch 45/100]  batch 20/125  loss=0.073956
  [epoch 45/100]  batch 30/125  loss=0.076477
  [epoch 45/100]  batch 40/125  loss=0.063775
  [epoch 45/100]  batch 50/125  loss=0.072211
  [epoch 45/100]  batch 60/125  loss=0.058362
  [epoch 45/100]  batch 70/125  loss=0.059618
  [epoch 45/100]  batch 80/125  loss=0.084978
  [epoch 45/100]  batch 90/125  loss=0.062089
  [epoch 45/100]  batch 100/125  loss=0.074888
  [epoch 45/100]  batch 110/125  loss=0.070997
  [epoch 45/100]  batch 120/125  loss=0.082203
------------------------------------------------------------
Epoch  45/100  train=0.071616  val=0.073155  gap=+0.001539  time=1636s  energy=0.00Wh  CO2=0.00g
  No improvement. Best val=0.066687
  Checkpoint saved: /gpfs/helios/home/etais/hpc_bilal/nn_proj/runs/full_train/lr5em03_samp2000/gru_h161/checkpoints/checkpoint_epoch45.pt

Epoch 46/100  lr=3.15e-03
------------------------------------------------------------
  [epoch 46/100]  batch 10/125  loss=0.054740
  [epoch 46/100]  batch 20/125  loss=0.072199
  [epoch 46/100]  batch 30/125  loss=0.066780
  [epoch 46/100]  batch 40/125  loss=0.076188
  [epoch 46/100]  batch 50/125  loss=0.069875
  [epoch 46/100]  batch 60/125  loss=0.052761
  [epoch 46/100]  batch 70/125  loss=0.075466
  [epoch 46/100]  batch 80/125  loss=0.078003
  [epoch 46/100]  batch 90/125  loss=0.081614
Signal is not finite or has very high values after bandpass filtering, returning original data.
Probably the order parameter is too high.
Max value in bandpass augmented data (the augmentation is ignored), (xmax, ymax): 1.1083889372301983 1.7879991333282859
lowcut, highcut, fs, order: 75.78753221166946 3583.6595753870574 16000 7
  [epoch 46/100]  batch 100/125  loss=0.068662
  [epoch 46/100]  batch 110/125  loss=0.076681
  [epoch 46/100]  batch 120/125  loss=0.064644
------------------------------------------------------------
Epoch  46/100  train=0.072168  val=0.073356  gap=+0.001187  time=1642s  energy=0.00Wh  CO2=0.00g
  No improvement. Best val=0.066687

Epoch 47/100  lr=3.15e-03
------------------------------------------------------------
  [epoch 47/100]  batch 10/125  loss=0.077688
  [epoch 47/100]  batch 20/125  loss=0.078204
  [epoch 47/100]  batch 30/125  loss=0.075822
  [epoch 47/100]  batch 40/125  loss=0.066539
  [epoch 47/100]  batch 50/125  loss=0.087967
  [epoch 47/100]  batch 60/125  loss=0.061642
  [epoch 47/100]  batch 70/125  loss=0.060553
  [epoch 47/100]  batch 80/125  loss=0.077537
  [epoch 47/100]  batch 90/125  loss=0.046787
  [epoch 47/100]  batch 100/125  loss=0.091470
  [epoch 47/100]  batch 110/125  loss=0.049765
  [epoch 47/100]  batch 120/125  loss=0.073447
------------------------------------------------------------
Epoch  47/100  train=0.073873  val=0.072095  gap=-0.001778  time=1641s  energy=0.00Wh  CO2=0.00g
  No improvement. Best val=0.066687

Epoch 48/100  lr=3.15e-03
------------------------------------------------------------
  [epoch 48/100]  batch 10/125  loss=0.069333
  [epoch 48/100]  batch 20/125  loss=0.089479
  [epoch 48/100]  batch 30/125  loss=0.065535
  [epoch 48/100]  batch 40/125  loss=0.077338
  [epoch 48/100]  batch 50/125  loss=0.069236
  [epoch 48/100]  batch 60/125  loss=0.073960
  [epoch 48/100]  batch 70/125  loss=0.068810
  [epoch 48/100]  batch 80/125  loss=0.067702
  [epoch 48/100]  batch 90/125  loss=0.071534
  [epoch 48/100]  batch 100/125  loss=0.072473
  [epoch 48/100]  batch 110/125  loss=0.065047
  [epoch 48/100]  batch 120/125  loss=0.075278
Signal is not finite or has very high values after bandpass filtering, returning original data.
Probably the order parameter is too high.
Max value in bandpass augmented data (the augmentation is ignored), (xmax, ymax): 1.027561887299549 1.3961777886407902
lowcut, highcut, fs, order: 86.98873432133634 3633.9318394020884 16000 7
------------------------------------------------------------
Epoch  48/100  train=0.072555  val=0.072551  gap=-0.000003  time=1641s  energy=0.00Wh  CO2=0.00g
  No improvement. Best val=0.066687

Epoch 49/100  lr=3.15e-03
------------------------------------------------------------
  [epoch 49/100]  batch 10/125  loss=0.062467
  [epoch 49/100]  batch 20/125  loss=0.071404
  [epoch 49/100]  batch 30/125  loss=0.078668
  [epoch 49/100]  batch 40/125  loss=0.076128
  [epoch 49/100]  batch 50/125  loss=0.074141
  [epoch 49/100]  batch 60/125  loss=0.070121
  [epoch 49/100]  batch 70/125  loss=0.078301
  [epoch 49/100]  batch 80/125  loss=0.072220
  [epoch 49/100]  batch 90/125  loss=0.065423
  [epoch 49/100]  batch 100/125  loss=0.078480
  [epoch 49/100]  batch 110/125  loss=0.056923
  [epoch 49/100]  batch 120/125  loss=0.066706
------------------------------------------------------------
Epoch  49/100  train=0.068970  val=0.071507  gap=+0.002536  time=1649s  energy=0.00Wh  CO2=0.00g
  No improvement. Best val=0.066687

Epoch 50/100  lr=3.15e-03
------------------------------------------------------------
  [epoch 50/100]  batch 10/125  loss=0.074656
  [epoch 50/100]  batch 20/125  loss=0.067277
  [epoch 50/100]  batch 30/125  loss=0.081215
Signal is not finite or has very high values after bandpass filtering, returning original data.
Probably the order parameter is too high.
Max value in bandpass augmented data (the augmentation is ignored), (xmax, ymax): 1.3836930739896318 1.7714018838834482
lowcut, highcut, fs, order: 12.57117281969644 3348.7705821765985 16000 7
  [epoch 50/100]  batch 40/125  loss=0.085472
  [epoch 50/100]  batch 50/125  loss=0.068103
  [epoch 50/100]  batch 60/125  loss=0.063673
  [epoch 50/100]  batch 70/125  loss=0.079599
  [epoch 50/100]  batch 80/125  loss=0.067037
Signal is not finite or has very high values after bandpass filtering, returning original data.
Probably the order parameter is too high.
Max value in bandpass augmented data (the augmentation is ignored), (xmax, ymax): 0.8508551388697922 1.0882969008741878
lowcut, highcut, fs, order: 84.40543667545354 3738.9680239989716 16000 7
  [epoch 50/100]  batch 90/125  loss=0.067235
  [epoch 50/100]  batch 100/125  loss=0.078270
  [epoch 50/100]  batch 110/125  loss=0.066090
  [epoch 50/100]  batch 120/125  loss=0.095258
------------------------------------------------------------
Epoch  50/100  train=0.071024  val=0.071899  gap=+0.000874  time=1641s  energy=0.00Wh  CO2=0.00g
  No improvement. Best val=0.066687
  Checkpoint saved: /gpfs/helios/home/etais/hpc_bilal/nn_proj/runs/full_train/lr5em03_samp2000/gru_h161/checkpoints/checkpoint_epoch50.pt

Epoch 51/100  lr=2.99e-03
------------------------------------------------------------
  [epoch 51/100]  batch 10/125  loss=0.076667
  [epoch 51/100]  batch 20/125  loss=0.063892
  [epoch 51/100]  batch 30/125  loss=0.085002
  [epoch 51/100]  batch 40/125  loss=0.072137
  [epoch 51/100]  batch 50/125  loss=0.082824
  [epoch 51/100]  batch 60/125  loss=0.061380
  [epoch 51/100]  batch 70/125  loss=0.056787
  [epoch 51/100]  batch 80/125  loss=0.069213
  [epoch 51/100]  batch 90/125  loss=0.061942
Signal is not finite or has very high values after bandpass filtering, returning original data.
Probably the order parameter is too high.
Max value in bandpass augmented data (the augmentation is ignored), (xmax, ymax): 1.1751391024304898 1.5043726607747314
lowcut, highcut, fs, order: 66.9491271311548 3574.4974889139958 16000 7
  [epoch 51/100]  batch 100/125  loss=0.080463
  [epoch 51/100]  batch 110/125  loss=0.067635
  [epoch 51/100]  batch 120/125  loss=0.068049
------------------------------------------------------------
Epoch  51/100  train=0.070346  val=0.073850  gap=+0.003504  time=1641s  energy=0.00Wh  CO2=0.00g
  No improvement. Best val=0.066687

Epoch 52/100  lr=2.99e-03
------------------------------------------------------------
  [epoch 52/100]  batch 10/125  loss=0.068886
  [epoch 52/100]  batch 20/125  loss=0.078350
  [epoch 52/100]  batch 30/125  loss=0.076184
  [epoch 52/100]  batch 40/125  loss=0.073793
Signal is not finite or has very high values after bandpass filtering, returning original data.
Probably the order parameter is too high.
Max value in bandpass augmented data (the augmentation is ignored), (xmax, ymax): 0.9576638601279942 1.2925169178502012
lowcut, highcut, fs, order: 19.51081087471988 3436.660047603215 16000 7
  [epoch 52/100]  batch 50/125  loss=0.077641
  [epoch 52/100]  batch 60/125  loss=0.066609
  [epoch 52/100]  batch 70/125  loss=0.079026
  [epoch 52/100]  batch 80/125  loss=0.071649
  [epoch 52/100]  batch 90/125  loss=0.070937
  [epoch 52/100]  batch 100/125  loss=0.061047
  [epoch 52/100]  batch 110/125  loss=0.069804
  [epoch 52/100]  batch 120/125  loss=0.078671
------------------------------------------------------------
Epoch  52/100  train=0.070948  val=0.070519  gap=-0.000429  time=1675s  energy=0.00Wh  CO2=0.00g
  No improvement. Best val=0.066687

Epoch 53/100  lr=2.99e-03
------------------------------------------------------------
  [epoch 53/100]  batch 10/125  loss=0.063745
  [epoch 53/100]  batch 20/125  loss=0.066343
  [epoch 53/100]  batch 30/125  loss=0.075214
  [epoch 53/100]  batch 40/125  loss=0.063103
  [epoch 53/100]  batch 50/125  loss=0.081246
  [epoch 53/100]  batch 60/125  loss=0.079059
  [epoch 53/100]  batch 70/125  loss=0.069300
Signal is not finite or has very high values after bandpass filtering, returning original data.
Probably the order parameter is too high.
Max value in bandpass augmented data (the augmentation is ignored), (xmax, ymax): 0.9507041934584404 1.2044021738272148
lowcut, highcut, fs, order: 79.39657033218076 3943.0472216383096 16000 7
  [epoch 53/100]  batch 80/125  loss=0.076472
  [epoch 53/100]  batch 90/125  loss=0.065215
  [epoch 53/100]  batch 100/125  loss=0.077879
  [epoch 53/100]  batch 110/125  loss=0.066528
  [epoch 53/100]  batch 120/125  loss=0.108607
------------------------------------------------------------
Epoch  53/100  train=0.075674  val=0.072211  gap=-0.003463  time=1651s  energy=0.00Wh  CO2=0.00g
  No improvement. Best val=0.066687

Epoch 54/100  lr=2.99e-03
------------------------------------------------------------
  [epoch 54/100]  batch 10/125  loss=0.079748
  [epoch 54/100]  batch 20/125  loss=0.056487
  [epoch 54/100]  batch 30/125  loss=0.061630
  [epoch 54/100]  batch 40/125  loss=0.081844
  [epoch 54/100]  batch 50/125  loss=0.073508
  [epoch 54/100]  batch 60/125  loss=0.086232
  [epoch 54/100]  batch 70/125  loss=0.067403
  [epoch 54/100]  batch 80/125  loss=0.054746
  [epoch 54/100]  batch 90/125  loss=0.061527
  [epoch 54/100]  batch 100/125  loss=0.061365
  [epoch 54/100]  batch 110/125  loss=0.088930
  [epoch 54/100]  batch 120/125  loss=0.080466
------------------------------------------------------------
Epoch  54/100  train=0.070909  val=0.069795  gap=-0.001114  time=1693s  energy=0.00Wh  CO2=0.00g
  No improvement. Best val=0.066687

Epoch 55/100  lr=2.99e-03
------------------------------------------------------------
  [epoch 55/100]  batch 10/125  loss=0.080445
  [epoch 55/100]  batch 20/125  loss=0.056039
  [epoch 55/100]  batch 30/125  loss=0.089361
  [epoch 55/100]  batch 40/125  loss=0.060049
Signal is not finite or has very high values after bandpass filtering, returning original data.
Probably the order parameter is too high.
Max value in bandpass augmented data (the augmentation is ignored), (xmax, ymax): 0.9094413239588468 1.31311659245437
lowcut, highcut, fs, order: 26.28708294454394 2883.099376785248 16000 7
  [epoch 55/100]  batch 50/125  loss=0.069887
  [epoch 55/100]  batch 60/125  loss=0.059048
  [epoch 55/100]  batch 70/125  loss=0.058037
  [epoch 55/100]  batch 80/125  loss=0.064436
  [epoch 55/100]  batch 90/125  loss=0.076151
  [epoch 55/100]  batch 100/125  loss=0.055489
  [epoch 55/100]  batch 110/125  loss=0.048194
  [epoch 55/100]  batch 120/125  loss=0.063204
------------------------------------------------------------
Epoch  55/100  train=0.069080  val=0.069357  gap=+0.000277  time=1673s  energy=0.00Wh  CO2=0.00g
  No improvement. Best val=0.066687
  Checkpoint saved: /gpfs/helios/home/etais/hpc_bilal/nn_proj/runs/full_train/lr5em03_samp2000/gru_h161/checkpoints/checkpoint_epoch55.pt

Epoch 56/100  lr=2.84e-03
------------------------------------------------------------
  [epoch 56/100]  batch 10/125  loss=0.082156
  [epoch 56/100]  batch 20/125  loss=0.080790
  [epoch 56/100]  batch 30/125  loss=0.075155
  [epoch 56/100]  batch 40/125  loss=0.058535
  [epoch 56/100]  batch 50/125  loss=0.070556
  [epoch 56/100]  batch 60/125  loss=0.081198
  [epoch 56/100]  batch 70/125  loss=0.062809
  [epoch 56/100]  batch 80/125  loss=0.071026
  [epoch 56/100]  batch 90/125  loss=0.059741
  [epoch 56/100]  batch 100/125  loss=0.077501
  [epoch 56/100]  batch 110/125  loss=0.066553
  [epoch 56/100]  batch 120/125  loss=0.083755
------------------------------------------------------------
Epoch  56/100  train=0.070842  val=0.070977  gap=+0.000135  time=1673s  energy=0.00Wh  CO2=0.00g
  No improvement. Best val=0.066687

Epoch 57/100  lr=2.84e-03
------------------------------------------------------------
  [epoch 57/100]  batch 10/125  loss=0.072650
  [epoch 57/100]  batch 20/125  loss=0.066909
Signal is not finite or has very high values after bandpass filtering, returning original data.
Probably the order parameter is too high.
Max value in bandpass augmented data (the augmentation is ignored), (xmax, ymax): 0.7577257695112438 1.0369817815787192
lowcut, highcut, fs, order: 88.64870385138823 2903.7455244046823 16000 7
  [epoch 57/100]  batch 30/125  loss=0.071937
  [epoch 57/100]  batch 40/125  loss=0.072863
  [epoch 57/100]  batch 50/125  loss=0.083594
Signal is not finite or has very high values after bandpass filtering, returning original data.
Probably the order parameter is too high.
Max value in bandpass augmented data (the augmentation is ignored), (xmax, ymax): 1.2013360990208912 1.5118561784886317
lowcut, highcut, fs, order: 97.24903129772918 3397.57908037474 16000 7
  [epoch 57/100]  batch 60/125  loss=0.065622
  [epoch 57/100]  batch 70/125  loss=0.051947
  [epoch 57/100]  batch 80/125  loss=0.068971
  [epoch 57/100]  batch 90/125  loss=0.078515
  [epoch 57/100]  batch 100/125  loss=0.054636
  [epoch 57/100]  batch 110/125  loss=0.076797
  [epoch 57/100]  batch 120/125  loss=0.053680
------------------------------------------------------------
Epoch  57/100  train=0.069735  val=0.069610  gap=-0.000125  time=1704s  energy=0.00Wh  CO2=0.00g
  No improvement. Best val=0.066687

Epoch 58/100  lr=2.84e-03
------------------------------------------------------------
  [epoch 58/100]  batch 10/125  loss=0.081180
  [epoch 58/100]  batch 20/125  loss=0.058987
  [epoch 58/100]  batch 30/125  loss=0.077117
  [epoch 58/100]  batch 40/125  loss=0.069502
  [epoch 58/100]  batch 50/125  loss=0.081278
  [epoch 58/100]  batch 60/125  loss=0.065988
  [epoch 58/100]  batch 70/125  loss=0.076616
  [epoch 58/100]  batch 80/125  loss=0.067901
Signal is not finite or has very high values after bandpass filtering, returning original data.
Probably the order parameter is too high.
Max value in bandpass augmented data (the augmentation is ignored), (xmax, ymax): 0.6160264097121728 1.0654389999991305
lowcut, highcut, fs, order: 96.9394291782955 3571.986816221234 16000 7
  [epoch 58/100]  batch 90/125  loss=0.058349
  [epoch 58/100]  batch 100/125  loss=0.069559
  [epoch 58/100]  batch 110/125  loss=0.052208
  [epoch 58/100]  batch 120/125  loss=0.067400
------------------------------------------------------------
Epoch  58/100  train=0.071252  val=0.071249  gap=-0.000002  time=1700s  energy=0.00Wh  CO2=0.00g
  No improvement. Best val=0.066687

Epoch 59/100  lr=2.84e-03
------------------------------------------------------------
  [epoch 59/100]  batch 10/125  loss=0.070545
  [epoch 59/100]  batch 20/125  loss=0.072491
  [epoch 59/100]  batch 30/125  loss=0.071695
Signal is not finite or has very high values after bandpass filtering, returning original data.
Probably the order parameter is too high.
Max value in bandpass augmented data (the augmentation is ignored), (xmax, ymax): 0.9043853679036559 1.1357164873074397
lowcut, highcut, fs, order: 52.64574820840572 3614.3182303802782 16000 7
  [epoch 59/100]  batch 40/125  loss=0.074548
  [epoch 59/100]  batch 50/125  loss=0.078703
  [epoch 59/100]  batch 60/125  loss=0.068822
  [epoch 59/100]  batch 70/125  loss=0.056399
  [epoch 59/100]  batch 80/125  loss=0.067700
  [epoch 59/100]  batch 90/125  loss=0.075743
  [epoch 59/100]  batch 100/125  loss=0.079502
  [epoch 59/100]  batch 110/125  loss=0.080418
  [epoch 59/100]  batch 120/125  loss=0.071995
------------------------------------------------------------
Epoch  59/100  train=0.070288  val=0.067922  gap=-0.002367  time=1649s  energy=0.00Wh  CO2=0.00g
  No improvement. Best val=0.066687

Epoch 60/100  lr=2.84e-03
------------------------------------------------------------
  [epoch 60/100]  batch 10/125  loss=0.093901
  [epoch 60/100]  batch 20/125  loss=0.078925
  [epoch 60/100]  batch 30/125  loss=0.059898
  [epoch 60/100]  batch 40/125  loss=0.073413
  [epoch 60/100]  batch 50/125  loss=0.052772
  [epoch 60/100]  batch 60/125  loss=0.050168
  [epoch 60/100]  batch 70/125  loss=0.080836
  [epoch 60/100]  batch 80/125  loss=0.065450
  [epoch 60/100]  batch 90/125  loss=0.065789
  [epoch 60/100]  batch 100/125  loss=0.052758
  [epoch 60/100]  batch 110/125  loss=0.059318
  [epoch 60/100]  batch 120/125  loss=0.069044
------------------------------------------------------------
Epoch  60/100  train=0.069265  val=0.069651  gap=+0.000385  time=1648s  energy=0.00Wh  CO2=0.00g
  No improvement. Best val=0.066687
  Checkpoint saved: /gpfs/helios/home/etais/hpc_bilal/nn_proj/runs/full_train/lr5em03_samp2000/gru_h161/checkpoints/checkpoint_epoch60.pt

Epoch 61/100  lr=2.70e-03
------------------------------------------------------------
  [epoch 61/100]  batch 10/125  loss=0.051546
  [epoch 61/100]  batch 20/125  loss=0.081837
  [epoch 61/100]  batch 30/125  loss=0.074079
  [epoch 61/100]  batch 40/125  loss=0.077407
  [epoch 61/100]  batch 50/125  loss=0.055976
  [epoch 61/100]  batch 60/125  loss=0.070079
  [epoch 61/100]  batch 70/125  loss=0.080329
  [epoch 61/100]  batch 80/125  loss=0.084868
  [epoch 61/100]  batch 90/125  loss=0.078357
  [epoch 61/100]  batch 100/125  loss=0.077532
  [epoch 61/100]  batch 110/125  loss=0.073528
  [epoch 61/100]  batch 120/125  loss=0.070698
------------------------------------------------------------
Epoch  61/100  train=0.067346  val=0.068096  gap=+0.000751  time=1674s  energy=0.00Wh  CO2=0.00g
  No improvement. Best val=0.066687

Epoch 62/100  lr=2.70e-03
------------------------------------------------------------
  [epoch 62/100]  batch 10/125  loss=0.059276
  [epoch 62/100]  batch 20/125  loss=0.057006
  [epoch 62/100]  batch 30/125  loss=0.061475
  [epoch 62/100]  batch 40/125  loss=0.070468
  [epoch 62/100]  batch 50/125  loss=0.087368
  [epoch 62/100]  batch 60/125  loss=0.067733
  [epoch 62/100]  batch 70/125  loss=0.074097
  [epoch 62/100]  batch 80/125  loss=0.071887
  [epoch 62/100]  batch 90/125  loss=0.058098
  [epoch 62/100]  batch 100/125  loss=0.058453
  [epoch 62/100]  batch 110/125  loss=0.075266
  [epoch 62/100]  batch 120/125  loss=0.059220
------------------------------------------------------------
Epoch  62/100  train=0.068397  val=0.068710  gap=+0.000313  time=1654s  energy=0.00Wh  CO2=0.00g
  No improvement. Best val=0.066687

Epoch 63/100  lr=2.70e-03
------------------------------------------------------------
  [epoch 63/100]  batch 10/125  loss=0.069822
  [epoch 63/100]  batch 20/125  loss=0.069886
  [epoch 63/100]  batch 30/125  loss=0.060778
  [epoch 63/100]  batch 40/125  loss=0.080089
  [epoch 63/100]  batch 50/125  loss=0.068461
  [epoch 63/100]  batch 60/125  loss=0.065181
  [epoch 63/100]  batch 70/125  loss=0.062059
  [epoch 63/100]  batch 80/125  loss=0.084106
Signal is not finite or has very high values after bandpass filtering, returning original data.
Probably the order parameter is too high.
Max value in bandpass augmented data (the augmentation is ignored), (xmax, ymax): 0.9111531076170858 1.1714597613659092
lowcut, highcut, fs, order: 84.08949703522153 2979.114674866012 16000 7
  [epoch 63/100]  batch 90/125  loss=0.050689
  [epoch 63/100]  batch 100/125  loss=0.079082
  [epoch 63/100]  batch 110/125  loss=0.074116
  [epoch 63/100]  batch 120/125  loss=0.070527
------------------------------------------------------------
Epoch  63/100  train=0.067442  val=0.067384  gap=-0.000059  time=1656s  energy=0.00Wh  CO2=0.00g
  No improvement. Best val=0.066687

Epoch 64/100  lr=2.70e-03
------------------------------------------------------------
  [epoch 64/100]  batch 10/125  loss=0.053784
  [epoch 64/100]  batch 20/125  loss=0.068926
  [epoch 64/100]  batch 30/125  loss=0.075106
  [epoch 64/100]  batch 40/125  loss=0.085246
  [epoch 64/100]  batch 50/125  loss=0.066118
  [epoch 64/100]  batch 60/125  loss=0.086907
Signal is not finite or has very high values after bandpass filtering, returning original data.
Probably the order parameter is too high.
Max value in bandpass augmented data (the augmentation is ignored), (xmax, ymax): 1.1320535178557807 1.644116000073972
lowcut, highcut, fs, order: 77.91007772880397 3278.903785183862 16000 7
  [epoch 64/100]  batch 70/125  loss=0.073263
  [epoch 64/100]  batch 80/125  loss=0.071675
  [epoch 64/100]  batch 90/125  loss=0.074514
  [epoch 64/100]  batch 100/125  loss=0.059999
Signal is not finite or has very high values after bandpass filtering, returning original data.
Probably the order parameter is too high.
Max value in bandpass augmented data (the augmentation is ignored), (xmax, ymax): 0.5707053333786523 1.0519301442883635
lowcut, highcut, fs, order: 32.044195950729694 3353.372454964242 16000 7
  [epoch 64/100]  batch 110/125  loss=0.070944
  [epoch 64/100]  batch 120/125  loss=0.069401
------------------------------------------------------------
Epoch  64/100  train=0.068701  val=0.067780  gap=-0.000920  time=1642s  energy=0.00Wh  CO2=0.00g
  No improvement. Best val=0.066687

Epoch 65/100  lr=2.70e-03
------------------------------------------------------------
  [epoch 65/100]  batch 10/125  loss=0.066444
  [epoch 65/100]  batch 20/125  loss=0.057605
  [epoch 65/100]  batch 30/125  loss=0.064534
  [epoch 65/100]  batch 40/125  loss=0.057901
  [epoch 65/100]  batch 50/125  loss=0.074844
  [epoch 65/100]  batch 60/125  loss=0.086583
  [epoch 65/100]  batch 70/125  loss=0.047217
  [epoch 65/100]  batch 80/125  loss=0.058525
  [epoch 65/100]  batch 90/125  loss=0.072335
  [epoch 65/100]  batch 100/125  loss=0.073303
  [epoch 65/100]  batch 110/125  loss=0.067837
  [epoch 65/100]  batch 120/125  loss=0.060831
------------------------------------------------------------
Epoch  65/100  train=0.069485  val=0.075730  gap=+0.006245  time=1632s  energy=0.00Wh  CO2=0.00g
  No improvement. Best val=0.066687
  Checkpoint saved: /gpfs/helios/home/etais/hpc_bilal/nn_proj/runs/full_train/lr5em03_samp2000/gru_h161/checkpoints/checkpoint_epoch65.pt

Epoch 66/100  lr=2.57e-03
------------------------------------------------------------
  [epoch 66/100]  batch 10/125  loss=0.063171
  [epoch 66/100]  batch 20/125  loss=0.056305
  [epoch 66/100]  batch 30/125  loss=0.061847
  [epoch 66/100]  batch 40/125  loss=0.065351
  [epoch 66/100]  batch 50/125  loss=0.063117
  [epoch 66/100]  batch 60/125  loss=0.068112
  [epoch 66/100]  batch 70/125  loss=0.067371
  [epoch 66/100]  batch 80/125  loss=0.070534
  [epoch 66/100]  batch 90/125  loss=0.064101
  [epoch 66/100]  batch 100/125  loss=0.073263
  [epoch 66/100]  batch 110/125  loss=0.074797
  [epoch 66/100]  batch 120/125  loss=0.087087
------------------------------------------------------------
Epoch  66/100  train=0.071134  val=0.070354  gap=-0.000780  time=1639s  energy=0.00Wh  CO2=0.00g
  No improvement. Best val=0.066687

Epoch 67/100  lr=2.57e-03
------------------------------------------------------------
  [epoch 67/100]  batch 10/125  loss=0.064234
  [epoch 67/100]  batch 20/125  loss=0.069856
Signal is not finite or has very high values after bandpass filtering, returning original data.
Probably the order parameter is too high.
Max value in bandpass augmented data (the augmentation is ignored), (xmax, ymax): 0.8088777740135157 1.1079351970034987
lowcut, highcut, fs, order: 66.11194471598104 3984.711570900734 16000 7
  [epoch 67/100]  batch 30/125  loss=0.071290
  [epoch 67/100]  batch 40/125  loss=0.061996
  [epoch 67/100]  batch 50/125  loss=0.061708
  [epoch 67/100]  batch 60/125  loss=0.072113
  [epoch 67/100]  batch 70/125  loss=0.060598
  [epoch 67/100]  batch 80/125  loss=0.060911
  [epoch 67/100]  batch 90/125  loss=0.082999
  [epoch 67/100]  batch 100/125  loss=0.068785
  [epoch 67/100]  batch 110/125  loss=0.069659
  [epoch 67/100]  batch 120/125  loss=0.063808
------------------------------------------------------------
Epoch  67/100  train=0.069958  val=0.069506  gap=-0.000452  time=1641s  energy=0.00Wh  CO2=0.00g
  No improvement. Best val=0.066687

Epoch 68/100  lr=2.57e-03
------------------------------------------------------------
  [epoch 68/100]  batch 10/125  loss=0.067556
  [epoch 68/100]  batch 20/125  loss=0.078147
  [epoch 68/100]  batch 30/125  loss=0.067061
  [epoch 68/100]  batch 40/125  loss=0.073106
  [epoch 68/100]  batch 50/125  loss=0.081019
  [epoch 68/100]  batch 60/125  loss=0.066763
  [epoch 68/100]  batch 70/125  loss=0.080926
  [epoch 68/100]  batch 80/125  loss=0.069727
  [epoch 68/100]  batch 90/125  loss=0.048081
  [epoch 68/100]  batch 100/125  loss=0.061995
  [epoch 68/100]  batch 110/125  loss=0.077139
  [epoch 68/100]  batch 120/125  loss=0.075658
------------------------------------------------------------
Epoch  68/100  train=0.068372  val=0.067231  gap=-0.001141  time=1648s  energy=0.00Wh  CO2=0.00g
  No improvement. Best val=0.066687

Epoch 69/100  lr=2.57e-03
------------------------------------------------------------
  [epoch 69/100]  batch 10/125  loss=0.068714
  [epoch 69/100]  batch 20/125  loss=0.063631
  [epoch 69/100]  batch 30/125  loss=0.067128
  [epoch 69/100]  batch 40/125  loss=0.093097
  [epoch 69/100]  batch 50/125  loss=0.080176
  [epoch 69/100]  batch 60/125  loss=0.072812
  [epoch 69/100]  batch 70/125  loss=0.056966
  [epoch 69/100]  batch 80/125  loss=0.075208
  [epoch 69/100]  batch 90/125  loss=0.070849
  [epoch 69/100]  batch 100/125  loss=0.060566
  [epoch 69/100]  batch 110/125  loss=0.059879
  [epoch 69/100]  batch 120/125  loss=0.065735
------------------------------------------------------------
Epoch  69/100  train=0.066962  val=0.067321  gap=+0.000358  time=1655s  energy=0.00Wh  CO2=0.00g
  No improvement. Best val=0.066687

Epoch 70/100  lr=2.57e-03
------------------------------------------------------------
  [epoch 70/100]  batch 10/125  loss=0.067157
  [epoch 70/100]  batch 20/125  loss=0.064110
  [epoch 70/100]  batch 30/125  loss=0.064156
  [epoch 70/100]  batch 40/125  loss=0.075485
  [epoch 70/100]  batch 50/125  loss=0.060628
  [epoch 70/100]  batch 60/125  loss=0.087307
  [epoch 70/100]  batch 70/125  loss=0.080413
  [epoch 70/100]  batch 80/125  loss=0.078504
  [epoch 70/100]  batch 90/125  loss=0.062202
  [epoch 70/100]  batch 100/125  loss=0.051811
  [epoch 70/100]  batch 110/125  loss=0.081125
  [epoch 70/100]  batch 120/125  loss=0.063000
------------------------------------------------------------
Epoch  70/100  train=0.069331  val=0.067896  gap=-0.001436  time=1653s  energy=0.00Wh  CO2=0.00g
  No improvement. Best val=0.066687
  Checkpoint saved: /gpfs/helios/home/etais/hpc_bilal/nn_proj/runs/full_train/lr5em03_samp2000/gru_h161/checkpoints/checkpoint_epoch70.pt

Epoch 71/100  lr=2.44e-03
------------------------------------------------------------
  [epoch 71/100]  batch 10/125  loss=0.062757
  [epoch 71/100]  batch 20/125  loss=0.079762
  [epoch 71/100]  batch 30/125  loss=0.069444
  [epoch 71/100]  batch 40/125  loss=0.058411
Signal is not finite or has very high values after bandpass filtering, returning original data.
Probably the order parameter is too high.
Max value in bandpass augmented data (the augmentation is ignored), (xmax, ymax): 0.84725023847017 1.0625029383935327
lowcut, highcut, fs, order: 28.158125484692018 3524.8577109327807 16000 7
  [epoch 71/100]  batch 50/125  loss=0.061979
  [epoch 71/100]  batch 60/125  loss=0.065471
  [epoch 71/100]  batch 70/125  loss=0.078309
  [epoch 71/100]  batch 80/125  loss=0.074645
  [epoch 71/100]  batch 90/125  loss=0.066291
  [epoch 71/100]  batch 100/125  loss=0.075483
  [epoch 71/100]  batch 110/125  loss=0.057115
  [epoch 71/100]  batch 120/125  loss=0.068149
Signal is not finite or has very high values after bandpass filtering, returning original data.
Probably the order parameter is too high.
Max value in bandpass augmented data (the augmentation is ignored), (xmax, ymax): 0.8356172790437759 1.051518300272456
lowcut, highcut, fs, order: 41.42668264589527 2388.5257191339406 16000 7
------------------------------------------------------------
Epoch  71/100  train=0.066997  val=0.067690  gap=+0.000693  time=1619s  energy=0.00Wh  CO2=0.00g
  No improvement. Best val=0.066687

Epoch 72/100  lr=2.44e-03
------------------------------------------------------------
  [epoch 72/100]  batch 10/125  loss=0.059203
  [epoch 72/100]  batch 20/125  loss=0.069309
  [epoch 72/100]  batch 30/125  loss=0.083353
  [epoch 72/100]  batch 40/125  loss=0.064637
  [epoch 72/100]  batch 50/125  loss=0.052368
  [epoch 72/100]  batch 60/125  loss=0.082593
  [epoch 72/100]  batch 70/125  loss=0.062233
  [epoch 72/100]  batch 80/125  loss=0.063101
  [epoch 72/100]  batch 90/125  loss=0.066783
  [epoch 72/100]  batch 100/125  loss=0.052380
  [epoch 72/100]  batch 110/125  loss=0.053538
  [epoch 72/100]  batch 120/125  loss=0.059343
------------------------------------------------------------
Epoch  72/100  train=0.067054  val=0.067440  gap=+0.000386  time=1608s  energy=0.00Wh  CO2=0.00g
  No improvement. Best val=0.066687

Epoch 73/100  lr=2.44e-03
------------------------------------------------------------
  [epoch 73/100]  batch 10/125  loss=0.062630
Signal is not finite or has very high values after bandpass filtering, returning original data.
Probably the order parameter is too high.
Max value in bandpass augmented data (the augmentation is ignored), (xmax, ymax): 1.250091518890466 1.5843028112448154
lowcut, highcut, fs, order: 26.259843130253756 2542.2620425175446 16000 7
  [epoch 73/100]  batch 20/125  loss=0.077204
  [epoch 73/100]  batch 30/125  loss=0.070280
  [epoch 73/100]  batch 40/125  loss=0.083433
  [epoch 73/100]  batch 50/125  loss=0.062323
  [epoch 73/100]  batch 60/125  loss=0.054335
  [epoch 73/100]  batch 70/125  loss=0.049530
  [epoch 73/100]  batch 80/125  loss=0.063363
  [epoch 73/100]  batch 90/125  loss=0.079143
  [epoch 73/100]  batch 100/125  loss=0.069458
  [epoch 73/100]  batch 110/125  loss=0.070817
  [epoch 73/100]  batch 120/125  loss=0.060363
------------------------------------------------------------
Epoch  73/100  train=0.066984  val=0.069632  gap=+0.002648  time=1610s  energy=0.00Wh  CO2=0.00g
  No improvement. Best val=0.066687

Epoch 74/100  lr=2.44e-03
------------------------------------------------------------
  [epoch 74/100]  batch 10/125  loss=0.070769
  [epoch 74/100]  batch 20/125  loss=0.085511
  [epoch 74/100]  batch 30/125  loss=0.060879
  [epoch 74/100]  batch 40/125  loss=0.070414
  [epoch 74/100]  batch 50/125  loss=0.078008
  [epoch 74/100]  batch 60/125  loss=0.058545
  [epoch 74/100]  batch 70/125  loss=0.075570
  [epoch 74/100]  batch 80/125  loss=0.064024
  [epoch 74/100]  batch 90/125  loss=0.079543
  [epoch 74/100]  batch 100/125  loss=0.056319
  [epoch 74/100]  batch 110/125  loss=0.072157
  [epoch 74/100]  batch 120/125  loss=0.068119
------------------------------------------------------------
Epoch  74/100  train=0.067022  val=0.066046  gap=-0.000976  time=1597s  energy=0.00Wh  CO2=0.00g
  ✓ Best model saved (val_loss=0.066046)

Epoch 75/100  lr=2.44e-03
------------------------------------------------------------
  [epoch 75/100]  batch 10/125  loss=0.049272
Signal is not finite or has very high values after bandpass filtering, returning original data.
Probably the order parameter is too high.
Max value in bandpass augmented data (the augmentation is ignored), (xmax, ymax): 0.8958875374156062 1.1571080110976404
lowcut, highcut, fs, order: 97.28710364537604 3281.867384140247 16000 7
  [epoch 75/100]  batch 20/125  loss=0.098837
  [epoch 75/100]  batch 30/125  loss=0.077315
  [epoch 75/100]  batch 40/125  loss=0.072922
  [epoch 75/100]  batch 50/125  loss=0.086202
  [epoch 75/100]  batch 60/125  loss=0.076300
Signal is not finite or has very high values after bandpass filtering, returning original data.
Probably the order parameter is too high.
Max value in bandpass augmented data (the augmentation is ignored), (xmax, ymax): 0.9331527929398865 1.2263027480419821
lowcut, highcut, fs, order: 39.863639742668326 2870.5897243067707 16000 7
  [epoch 75/100]  batch 70/125  loss=0.078517
  [epoch 75/100]  batch 80/125  loss=0.063250
  [epoch 75/100]  batch 90/125  loss=0.062936
Signal is not finite or has very high values after bandpass filtering, returning original data.
Probably the order parameter is too high.
Max value in bandpass augmented data (the augmentation is ignored), (xmax, ymax): 1.8333360926053262 2.4551039795255916
lowcut, highcut, fs, order: 71.96114008708798 3242.0865495878916 16000 7
  [epoch 75/100]  batch 100/125  loss=0.066978
Signal is not finite or has very high values after bandpass filtering, returning original data.
Probably the order parameter is too high.
Max value in bandpass augmented data (the augmentation is ignored), (xmax, ymax): 1.1763700601113471 1.5412916886056358
lowcut, highcut, fs, order: 77.36020559690643 2643.994453784452 16000 7
  [epoch 75/100]  batch 110/125  loss=0.073721
  [epoch 75/100]  batch 120/125  loss=0.073616
------------------------------------------------------------
Epoch  75/100  train=0.068133  val=0.068321  gap=+0.000188  time=1600s  energy=0.00Wh  CO2=0.00g
  No improvement. Best val=0.066046
  Checkpoint saved: /gpfs/helios/home/etais/hpc_bilal/nn_proj/runs/full_train/lr5em03_samp2000/gru_h161/checkpoints/checkpoint_epoch75.pt

Epoch 76/100  lr=2.32e-03
------------------------------------------------------------
  [epoch 76/100]  batch 10/125  loss=0.062759
  [epoch 76/100]  batch 20/125  loss=0.071271
  [epoch 76/100]  batch 30/125  loss=0.086130
  [epoch 76/100]  batch 40/125  loss=0.058127
  [epoch 76/100]  batch 50/125  loss=0.076633
Signal is not finite or has very high values after bandpass filtering, returning original data.
Probably the order parameter is too high.
Max value in bandpass augmented data (the augmentation is ignored), (xmax, ymax): 1.0590087927154797 1.5073746186530703
lowcut, highcut, fs, order: 32.07806680348784 3847.572418744014 16000 7
  [epoch 76/100]  batch 60/125  loss=0.090527
  [epoch 76/100]  batch 70/125  loss=0.074756
  [epoch 76/100]  batch 80/125  loss=0.077072
  [epoch 76/100]  batch 90/125  loss=0.080290
  [epoch 76/100]  batch 100/125  loss=0.063877
  [epoch 76/100]  batch 110/125  loss=0.065694
  [epoch 76/100]  batch 120/125  loss=0.064679
------------------------------------------------------------
Epoch  76/100  train=0.070880  val=0.069574  gap=-0.001306  time=1599s  energy=0.00Wh  CO2=0.00g
  No improvement. Best val=0.066046

Epoch 77/100  lr=2.32e-03
------------------------------------------------------------
  [epoch 77/100]  batch 10/125  loss=0.069958
  [epoch 77/100]  batch 20/125  loss=0.075051
  [epoch 77/100]  batch 30/125  loss=0.080856
  [epoch 77/100]  batch 40/125  loss=0.076681
Signal is not finite or has very high values after bandpass filtering, returning original data.
Probably the order parameter is too high.
Max value in bandpass augmented data (the augmentation is ignored), (xmax, ymax): 0.9532859906168472 1.4848115052178996
lowcut, highcut, fs, order: 76.10664121172738 3955.1258726128826 16000 7
  [epoch 77/100]  batch 50/125  loss=0.068732
  [epoch 77/100]  batch 60/125  loss=0.057505
Signal is not finite or has very high values after bandpass filtering, returning original data.
Probably the order parameter is too high.
Max value in bandpass augmented data (the augmentation is ignored), (xmax, ymax): 0.8370807865966843 1.1180467524270186
lowcut, highcut, fs, order: 54.91334584394441 3879.2880004677236 16000 7
  [epoch 77/100]  batch 70/125  loss=0.058410
  [epoch 77/100]  batch 80/125  loss=0.082526
  [epoch 77/100]  batch 90/125  loss=0.078754
Signal is not finite or has very high values after bandpass filtering, returning original data.
Probably the order parameter is too high.
Max value in bandpass augmented data (the augmentation is ignored), (xmax, ymax): 0.7576614990854855 1.2370956640991344
lowcut, highcut, fs, order: 54.014013574927844 3318.7951448853573 16000 7
  [epoch 77/100]  batch 100/125  loss=0.070808
  [epoch 77/100]  batch 110/125  loss=0.077388
  [epoch 77/100]  batch 120/125  loss=0.069263
------------------------------------------------------------
Epoch  77/100  train=0.068561  val=0.067641  gap=-0.000921  time=1636s  energy=0.00Wh  CO2=0.00g
  No improvement. Best val=0.066046

Epoch 78/100  lr=2.32e-03
------------------------------------------------------------
  [epoch 78/100]  batch 10/125  loss=0.078614
  [epoch 78/100]  batch 20/125  loss=0.046913
  [epoch 78/100]  batch 30/125  loss=0.063944
  [epoch 78/100]  batch 40/125  loss=0.074962
  [epoch 78/100]  batch 50/125  loss=0.072354
  [epoch 78/100]  batch 60/125  loss=0.078682
  [epoch 78/100]  batch 70/125  loss=0.068837
  [epoch 78/100]  batch 80/125  loss=0.048440
  [epoch 78/100]  batch 90/125  loss=0.073170
  [epoch 78/100]  batch 100/125  loss=0.056538
  [epoch 78/100]  batch 110/125  loss=0.065706
  [epoch 78/100]  batch 120/125  loss=0.077454
------------------------------------------------------------
Epoch  78/100  train=0.069411  val=0.068900  gap=-0.000510  time=1676s  energy=0.00Wh  CO2=0.00g
  No improvement. Best val=0.066046

Epoch 79/100  lr=2.32e-03
------------------------------------------------------------
  [epoch 79/100]  batch 10/125  loss=0.078092
  [epoch 79/100]  batch 20/125  loss=0.066672
  [epoch 79/100]  batch 30/125  loss=0.060637
  [epoch 79/100]  batch 40/125  loss=0.051510
  [epoch 79/100]  batch 50/125  loss=0.046797
  [epoch 79/100]  batch 60/125  loss=0.080130
  [epoch 79/100]  batch 70/125  loss=0.059458
  [epoch 79/100]  batch 80/125  loss=0.055614
  [epoch 79/100]  batch 90/125  loss=0.059515
  [epoch 79/100]  batch 100/125  loss=0.077481
  [epoch 79/100]  batch 110/125  loss=0.058730
  [epoch 79/100]  batch 120/125  loss=0.070837
------------------------------------------------------------
Epoch  79/100  train=0.068139  val=0.069864  gap=+0.001725  time=1646s  energy=0.00Wh  CO2=0.00g
  No improvement. Best val=0.066046

Epoch 80/100  lr=2.32e-03
------------------------------------------------------------
  [epoch 80/100]  batch 10/125  loss=0.052157
  [epoch 80/100]  batch 20/125  loss=0.093520
  [epoch 80/100]  batch 30/125  loss=0.083750
  [epoch 80/100]  batch 40/125  loss=0.071768
  [epoch 80/100]  batch 50/125  loss=0.078282
  [epoch 80/100]  batch 60/125  loss=0.073443
  [epoch 80/100]  batch 70/125  loss=0.064455
  [epoch 80/100]  batch 80/125  loss=0.052843
  [epoch 80/100]  batch 90/125  loss=0.062307
  [epoch 80/100]  batch 100/125  loss=0.086886
  [epoch 80/100]  batch 110/125  loss=0.067295
  [epoch 80/100]  batch 120/125  loss=0.064788
------------------------------------------------------------
Epoch  80/100  train=0.067400  val=0.066602  gap=-0.000798  time=1633s  energy=0.00Wh  CO2=0.00g
  No improvement. Best val=0.066046
  Checkpoint saved: /gpfs/helios/home/etais/hpc_bilal/nn_proj/runs/full_train/lr5em03_samp2000/gru_h161/checkpoints/checkpoint_epoch80.pt

Epoch 81/100  lr=2.20e-03
------------------------------------------------------------
  [epoch 81/100]  batch 10/125  loss=0.072622
  [epoch 81/100]  batch 20/125  loss=0.082608
  [epoch 81/100]  batch 30/125  loss=0.066561
  [epoch 81/100]  batch 40/125  loss=0.065380
  [epoch 81/100]  batch 50/125  loss=0.081440
  [epoch 81/100]  batch 60/125  loss=0.056812
  [epoch 81/100]  batch 70/125  loss=0.073285
  [epoch 81/100]  batch 80/125  loss=0.074906
  [epoch 81/100]  batch 90/125  loss=0.062940
  [epoch 81/100]  batch 100/125  loss=0.071642
  [epoch 81/100]  batch 110/125  loss=0.057067
  [epoch 81/100]  batch 120/125  loss=0.069651
------------------------------------------------------------
Epoch  81/100  train=0.067670  val=0.067557  gap=-0.000113  time=1642s  energy=0.00Wh  CO2=0.00g
  No improvement. Best val=0.066046

Epoch 82/100  lr=2.20e-03
------------------------------------------------------------
  [epoch 82/100]  batch 10/125  loss=0.076809
  [epoch 82/100]  batch 20/125  loss=0.065899
  [epoch 82/100]  batch 30/125  loss=0.055010
  [epoch 82/100]  batch 40/125  loss=0.060444
  [epoch 82/100]  batch 50/125  loss=0.074773
  [epoch 82/100]  batch 60/125  loss=0.068835
  [epoch 82/100]  batch 70/125  loss=0.082653
  [epoch 82/100]  batch 80/125  loss=0.073752
  [epoch 82/100]  batch 90/125  loss=0.084811
  [epoch 82/100]  batch 100/125  loss=0.073753
  [epoch 82/100]  batch 110/125  loss=0.067011
  [epoch 82/100]  batch 120/125  loss=0.074342
------------------------------------------------------------
Epoch  82/100  train=0.068811  val=0.069347  gap=+0.000536  time=1633s  energy=0.00Wh  CO2=0.00g
  No improvement. Best val=0.066046

Epoch 83/100  lr=2.20e-03
------------------------------------------------------------
  [epoch 83/100]  batch 10/125  loss=0.064239
  [epoch 83/100]  batch 20/125  loss=0.069342
  [epoch 83/100]  batch 30/125  loss=0.076768
  [epoch 83/100]  batch 40/125  loss=0.067151
  [epoch 83/100]  batch 50/125  loss=0.076580
  [epoch 83/100]  batch 60/125  loss=0.069167
  [epoch 83/100]  batch 70/125  loss=0.071840
  [epoch 83/100]  batch 80/125  loss=0.083517
  [epoch 83/100]  batch 90/125  loss=0.062726
  [epoch 83/100]  batch 100/125  loss=0.077335
  [epoch 83/100]  batch 110/125  loss=0.071512
  [epoch 83/100]  batch 120/125  loss=0.085198
------------------------------------------------------------
Epoch  83/100  train=0.071819  val=0.073513  gap=+0.001694  time=1629s  energy=0.00Wh  CO2=0.00g
  No improvement. Best val=0.066046

Epoch 84/100  lr=2.20e-03
------------------------------------------------------------
  [epoch 84/100]  batch 10/125  loss=0.053708
  [epoch 84/100]  batch 20/125  loss=0.071717
  [epoch 84/100]  batch 30/125  loss=0.074602
  [epoch 84/100]  batch 40/125  loss=0.086490
  [epoch 84/100]  batch 50/125  loss=0.062503
  [epoch 84/100]  batch 60/125  loss=0.089277
  [epoch 84/100]  batch 70/125  loss=0.065554
  [epoch 84/100]  batch 80/125  loss=0.089732
  [epoch 84/100]  batch 90/125  loss=0.084736
  [epoch 84/100]  batch 100/125  loss=0.068478
  [epoch 84/100]  batch 110/125  loss=0.065963
  [epoch 84/100]  batch 120/125  loss=0.078397
------------------------------------------------------------
Epoch  84/100  train=0.072227  val=0.070942  gap=-0.001285  time=1636s  energy=0.00Wh  CO2=0.00g
  No improvement. Best val=0.066046

Epoch 85/100  lr=2.20e-03
------------------------------------------------------------
  [epoch 85/100]  batch 10/125  loss=0.074493
  [epoch 85/100]  batch 20/125  loss=0.065042
  [epoch 85/100]  batch 30/125  loss=0.067536
  [epoch 85/100]  batch 40/125  loss=0.054711
  [epoch 85/100]  batch 50/125  loss=0.067425
  [epoch 85/100]  batch 60/125  loss=0.083327
  [epoch 85/100]  batch 70/125  loss=0.082310
  [epoch 85/100]  batch 80/125  loss=0.074109
  [epoch 85/100]  batch 90/125  loss=0.071677
  [epoch 85/100]  batch 100/125  loss=0.066513
  [epoch 85/100]  batch 110/125  loss=0.080554
  [epoch 85/100]  batch 120/125  loss=0.081283
------------------------------------------------------------
Epoch  85/100  train=0.069530  val=0.069871  gap=+0.000341  time=1630s  energy=0.00Wh  CO2=0.00g
  No improvement. Best val=0.066046
  Checkpoint saved: /gpfs/helios/home/etais/hpc_bilal/nn_proj/runs/full_train/lr5em03_samp2000/gru_h161/checkpoints/checkpoint_epoch85.pt

Epoch 86/100  lr=2.09e-03
------------------------------------------------------------
  [epoch 86/100]  batch 10/125  loss=0.071438
  [epoch 86/100]  batch 20/125  loss=0.065129
  [epoch 86/100]  batch 30/125  loss=0.074355
  [epoch 86/100]  batch 40/125  loss=0.072438
  [epoch 86/100]  batch 50/125  loss=0.087325
  [epoch 86/100]  batch 60/125  loss=0.074605
  [epoch 86/100]  batch 70/125  loss=0.087143
  [epoch 86/100]  batch 80/125  loss=0.073138
  [epoch 86/100]  batch 90/125  loss=0.074924
  [epoch 86/100]  batch 100/125  loss=0.079110
  [epoch 86/100]  batch 110/125  loss=0.067632
  [epoch 86/100]  batch 120/125  loss=0.060952
------------------------------------------------------------
Epoch  86/100  train=0.069358  val=0.069574  gap=+0.000216  time=1632s  energy=0.00Wh  CO2=0.00g
  No improvement. Best val=0.066046

Epoch 87/100  lr=2.09e-03
------------------------------------------------------------
  [epoch 87/100]  batch 10/125  loss=0.057949
  [epoch 87/100]  batch 20/125  loss=0.065663
Signal is not finite or has very high values after bandpass filtering, returning original data.
Probably the order parameter is too high.
Max value in bandpass augmented data (the augmentation is ignored), (xmax, ymax): 1.1847184396688355 1.5320648124736944
lowcut, highcut, fs, order: 53.745158372566735 2081.8510269753638 16000 7
  [epoch 87/100]  batch 30/125  loss=0.054499
  [epoch 87/100]  batch 40/125  loss=0.074803
  [epoch 87/100]  batch 50/125  loss=0.069215
  [epoch 87/100]  batch 60/125  loss=0.066810
  [epoch 87/100]  batch 70/125  loss=0.060301
Signal is not finite or has very high values after bandpass filtering, returning original data.
Probably the order parameter is too high.
Max value in bandpass augmented data (the augmentation is ignored), (xmax, ymax): 1.0868025256865483 1.4039781259494686
lowcut, highcut, fs, order: 81.55850168104617 3105.84519037311 16000 7
  [epoch 87/100]  batch 80/125  loss=0.086558
  [epoch 87/100]  batch 90/125  loss=0.069538
  [epoch 87/100]  batch 100/125  loss=0.076537
  [epoch 87/100]  batch 110/125  loss=0.063919
  [epoch 87/100]  batch 120/125  loss=0.068087
------------------------------------------------------------
Epoch  87/100  train=0.068972  val=0.069044  gap=+0.000072  time=1667s  energy=0.00Wh  CO2=0.00g
  No improvement. Best val=0.066046

Epoch 88/100  lr=2.09e-03
------------------------------------------------------------
  [epoch 88/100]  batch 10/125  loss=0.054640
Signal is not finite or has very high values after bandpass filtering, returning original data.
Probably the order parameter is too high.
Max value in bandpass augmented data (the augmentation is ignored), (xmax, ymax): 1.0986637646118778 1.4627207168804945
lowcut, highcut, fs, order: 76.9449678641219 3972.094213185723 16000 7
  [epoch 88/100]  batch 20/125  loss=0.065815
  [epoch 88/100]  batch 30/125  loss=0.065374
  [epoch 88/100]  batch 40/125  loss=0.070457
  [epoch 88/100]  batch 50/125  loss=0.067386
  [epoch 88/100]  batch 60/125  loss=0.059498
  [epoch 88/100]  batch 70/125  loss=0.056792
  [epoch 88/100]  batch 80/125  loss=0.062510
  [epoch 88/100]  batch 90/125  loss=0.060511
  [epoch 88/100]  batch 100/125  loss=0.057794
  [epoch 88/100]  batch 110/125  loss=0.066648
  [epoch 88/100]  batch 120/125  loss=0.059491
------------------------------------------------------------
Epoch  88/100  train=0.066711  val=0.067543  gap=+0.000832  time=1663s  energy=0.00Wh  CO2=0.00g
  No improvement. Best val=0.066046

Epoch 89/100  lr=2.09e-03
------------------------------------------------------------
  [epoch 89/100]  batch 10/125  loss=0.062680
  [epoch 89/100]  batch 20/125  loss=0.060697
  [epoch 89/100]  batch 30/125  loss=0.077020
  [epoch 89/100]  batch 40/125  loss=0.072967
  [epoch 89/100]  batch 50/125  loss=0.067092
  [epoch 89/100]  batch 60/125  loss=0.073807
  [epoch 89/100]  batch 70/125  loss=0.073345
  [epoch 89/100]  batch 80/125  loss=0.082163
  [epoch 89/100]  batch 90/125  loss=0.061050
  [epoch 89/100]  batch 100/125  loss=0.060075
  [epoch 89/100]  batch 110/125  loss=0.056042
  [epoch 89/100]  batch 120/125  loss=0.076641
------------------------------------------------------------
Epoch  89/100  train=0.066026  val=0.067188  gap=+0.001163  time=1637s  energy=0.00Wh  CO2=0.00g
  No improvement. Best val=0.066046

Epoch 90/100  lr=2.09e-03
------------------------------------------------------------
  [epoch 90/100]  batch 10/125  loss=0.061811
  [epoch 90/100]  batch 20/125  loss=0.056558
Signal is not finite or has very high values after bandpass filtering, returning original data.
Probably the order parameter is too high.
Max value in bandpass augmented data (the augmentation is ignored), (xmax, ymax): 0.5715687005847999 1.1499945081012668
lowcut, highcut, fs, order: 24.65411489031422 2637.8081677087184 16000 7
  [epoch 90/100]  batch 30/125  loss=0.075648
  [epoch 90/100]  batch 40/125  loss=0.067338
  [epoch 90/100]  batch 50/125  loss=0.073066
  [epoch 90/100]  batch 60/125  loss=0.047232
  [epoch 90/100]  batch 70/125  loss=0.064766
  [epoch 90/100]  batch 80/125  loss=0.062435
Signal is not finite or has very high values after bandpass filtering, returning original data.
Probably the order parameter is too high.
Max value in bandpass augmented data (the augmentation is ignored), (xmax, ymax): 0.8571116487682616 1.0864800572413795
lowcut, highcut, fs, order: 34.709972364951085 2069.49161751074 16000 7
  [epoch 90/100]  batch 90/125  loss=0.071466
  [epoch 90/100]  batch 100/125  loss=0.061475
  [epoch 90/100]  batch 110/125  loss=0.051770
  [epoch 90/100]  batch 120/125  loss=0.068531
------------------------------------------------------------
Epoch  90/100  train=0.066916  val=0.066179  gap=-0.000738  time=1656s  energy=0.00Wh  CO2=0.00g
  No improvement. Best val=0.066046
  Checkpoint saved: /gpfs/helios/home/etais/hpc_bilal/nn_proj/runs/full_train/lr5em03_samp2000/gru_h161/checkpoints/checkpoint_epoch90.pt

Epoch 91/100  lr=1.99e-03
------------------------------------------------------------
Signal is not finite or has very high values after bandpass filtering, returning original data.
Probably the order parameter is too high.
Max value in bandpass augmented data (the augmentation is ignored), (xmax, ymax): 0.795223128336042 1.187619364508093
lowcut, highcut, fs, order: 66.31227379183403 2874.1880330018857 16000 7
Signal is not finite or has very high values after bandpass filtering, returning original data.
Probably the order parameter is too high.
Max value in bandpass augmented data (the augmentation is ignored), (xmax, ymax): 0.7761924789461027 1.0525742597827399
lowcut, highcut, fs, order: 46.195644375578865 3057.4353066256454 16000 7
  [epoch 91/100]  batch 10/125  loss=0.054807
  [epoch 91/100]  batch 20/125  loss=0.078516
  [epoch 91/100]  batch 30/125  loss=0.070062
  [epoch 91/100]  batch 40/125  loss=0.066363
  [epoch 91/100]  batch 50/125  loss=0.066291
  [epoch 91/100]  batch 60/125  loss=0.087872
  [epoch 91/100]  batch 70/125  loss=0.058278
  [epoch 91/100]  batch 80/125  loss=0.079049
  [epoch 91/100]  batch 90/125  loss=0.067892
  [epoch 91/100]  batch 100/125  loss=0.058117
  [epoch 91/100]  batch 110/125  loss=0.050454
  [epoch 91/100]  batch 120/125  loss=0.062435
------------------------------------------------------------
Epoch  91/100  train=0.066100  val=0.067744  gap=+0.001644  time=1665s  energy=0.00Wh  CO2=0.00g
  No improvement. Best val=0.066046

Epoch 92/100  lr=1.99e-03
------------------------------------------------------------
  [epoch 92/100]  batch 10/125  loss=0.079605
  [epoch 92/100]  batch 20/125  loss=0.058847
  [epoch 92/100]  batch 30/125  loss=0.052333
  [epoch 92/100]  batch 40/125  loss=0.044875
  [epoch 92/100]  batch 50/125  loss=0.062047
  [epoch 92/100]  batch 60/125  loss=0.049526
  [epoch 92/100]  batch 70/125  loss=0.081509
  [epoch 92/100]  batch 80/125  loss=0.070756
  [epoch 92/100]  batch 90/125  loss=0.064047
  [epoch 92/100]  batch 100/125  loss=0.066708
  [epoch 92/100]  batch 110/125  loss=0.057459
  [epoch 92/100]  batch 120/125  loss=0.082256
------------------------------------------------------------
Epoch  92/100  train=0.066882  val=0.066246  gap=-0.000636  time=1646s  energy=0.00Wh  CO2=0.00g
  No improvement. Best val=0.066046

Epoch 93/100  lr=1.99e-03
------------------------------------------------------------
  [epoch 93/100]  batch 10/125  loss=0.064139
  [epoch 93/100]  batch 20/125  loss=0.069403
  [epoch 93/100]  batch 30/125  loss=0.058730
  [epoch 93/100]  batch 40/125  loss=0.069324
  [epoch 93/100]  batch 50/125  loss=0.041234
  [epoch 93/100]  batch 60/125  loss=0.060340
  [epoch 93/100]  batch 70/125  loss=0.043541
  [epoch 93/100]  batch 80/125  loss=0.067556
  [epoch 93/100]  batch 90/125  loss=0.067035
Signal is not finite or has very high values after bandpass filtering, returning original data.
Probably the order parameter is too high.
Max value in bandpass augmented data (the augmentation is ignored), (xmax, ymax): 0.7359135448990689 1.0574166248920809
lowcut, highcut, fs, order: 83.62579075061335 2546.5581684609856 16000 7
  [epoch 93/100]  batch 100/125  loss=0.068652
  [epoch 93/100]  batch 110/125  loss=0.070024
  [epoch 93/100]  batch 120/125  loss=0.077192
------------------------------------------------------------
Epoch  93/100  train=0.064930  val=0.066376  gap=+0.001445  time=1651s  energy=0.00Wh  CO2=0.00g
  No improvement. Best val=0.066046

Epoch 94/100  lr=1.99e-03
------------------------------------------------------------
  [epoch 94/100]  batch 10/125  loss=0.068673
  [epoch 94/100]  batch 20/125  loss=0.071121
  [epoch 94/100]  batch 30/125  loss=0.076259
  [epoch 94/100]  batch 40/125  loss=0.082051
  [epoch 94/100]  batch 50/125  loss=0.061855
  [epoch 94/100]  batch 60/125  loss=0.068163
  [epoch 94/100]  batch 70/125  loss=0.067846
  [epoch 94/100]  batch 80/125  loss=0.062241
  [epoch 94/100]  batch 90/125  loss=0.062293
  [epoch 94/100]  batch 100/125  loss=0.065235
  [epoch 94/100]  batch 110/125  loss=0.062332
  [epoch 94/100]  batch 120/125  loss=0.085349
------------------------------------------------------------
Epoch  94/100  train=0.068739  val=0.067598  gap=-0.001142  time=1649s  energy=0.00Wh  CO2=0.00g
  No improvement. Best val=0.066046

Epoch 95/100  lr=1.99e-03
------------------------------------------------------------
  [epoch 95/100]  batch 10/125  loss=0.056734
  [epoch 95/100]  batch 20/125  loss=0.076697
  [epoch 95/100]  batch 30/125  loss=0.066313
  [epoch 95/100]  batch 40/125  loss=0.058654
  [epoch 95/100]  batch 50/125  loss=0.062572
  [epoch 95/100]  batch 60/125  loss=0.075098
  [epoch 95/100]  batch 70/125  loss=0.049099
  [epoch 95/100]  batch 80/125  loss=0.078373
  [epoch 95/100]  batch 90/125  loss=0.055561
  [epoch 95/100]  batch 100/125  loss=0.065908
  [epoch 95/100]  batch 110/125  loss=0.079292
  [epoch 95/100]  batch 120/125  loss=0.064127
------------------------------------------------------------
Epoch  95/100  train=0.066246  val=0.067588  gap=+0.001343  time=1642s  energy=0.00Wh  CO2=0.00g
  No improvement. Best val=0.066046
  Checkpoint saved: /gpfs/helios/home/etais/hpc_bilal/nn_proj/runs/full_train/lr5em03_samp2000/gru_h161/checkpoints/checkpoint_epoch95.pt

Epoch 96/100  lr=1.89e-03
------------------------------------------------------------
  [epoch 96/100]  batch 10/125  loss=0.054940
  [epoch 96/100]  batch 20/125  loss=0.061969
  [epoch 96/100]  batch 30/125  loss=0.078993
  [epoch 96/100]  batch 40/125  loss=0.068025
  [epoch 96/100]  batch 50/125  loss=0.088656
  [epoch 96/100]  batch 60/125  loss=0.061441
  [epoch 96/100]  batch 70/125  loss=0.069562
  [epoch 96/100]  batch 80/125  loss=0.068076
  [epoch 96/100]  batch 90/125  loss=0.063210
  [epoch 96/100]  batch 100/125  loss=0.070519
  [epoch 96/100]  batch 110/125  loss=0.069985
  [epoch 96/100]  batch 120/125  loss=0.059849
------------------------------------------------------------
Epoch  96/100  train=0.066667  val=0.067966  gap=+0.001299  time=1676s  energy=0.00Wh  CO2=0.00g
  No improvement. Best val=0.066046

Epoch 97/100  lr=1.89e-03
------------------------------------------------------------
  [epoch 97/100]  batch 10/125  loss=0.058857
  [epoch 97/100]  batch 20/125  loss=0.061411
  [epoch 97/100]  batch 30/125  loss=0.053567
  [epoch 97/100]  batch 40/125  loss=0.060742
  [epoch 97/100]  batch 50/125  loss=0.074471
  [epoch 97/100]  batch 60/125  loss=0.070269
Signal is not finite or has very high values after bandpass filtering, returning original data.
Probably the order parameter is too high.
Max value in bandpass augmented data (the augmentation is ignored), (xmax, ymax): 0.9542341984707327 1.3262538923435094
lowcut, highcut, fs, order: 44.89552467360394 3793.319469751262 16000 7
  [epoch 97/100]  batch 70/125  loss=0.051665
Signal is not finite or has very high values after bandpass filtering, returning original data.
Probably the order parameter is too high.
Max value in bandpass augmented data (the augmentation is ignored), (xmax, ymax): 0.8761981441604452 1.4303453885926207
lowcut, highcut, fs, order: 64.52646374269366 3618.257287039417 16000 7
  [epoch 97/100]  batch 80/125  loss=0.075088
  [epoch 97/100]  batch 90/125  loss=0.074207
  [epoch 97/100]  batch 100/125  loss=0.065403
  [epoch 97/100]  batch 110/125  loss=0.080576
  [epoch 97/100]  batch 120/125  loss=0.065466
------------------------------------------------------------
Epoch  97/100  train=0.066424  val=0.068511  gap=+0.002087  time=1679s  energy=0.00Wh  CO2=0.00g
  No improvement. Best val=0.066046

Epoch 98/100  lr=1.89e-03
------------------------------------------------------------
  [epoch 98/100]  batch 10/125  loss=0.057780
  [epoch 98/100]  batch 20/125  loss=0.075289
  [epoch 98/100]  batch 30/125  loss=0.057389
  [epoch 98/100]  batch 40/125  loss=0.062403
  [epoch 98/100]  batch 50/125  loss=0.082447
  [epoch 98/100]  batch 60/125  loss=0.087763
  [epoch 98/100]  batch 70/125  loss=0.074702
  [epoch 98/100]  batch 80/125  loss=0.072395
  [epoch 98/100]  batch 90/125  loss=0.078018
Signal is not finite or has very high values after bandpass filtering, returning original data.
Probably the order parameter is too high.
Max value in bandpass augmented data (the augmentation is ignored), (xmax, ymax): 1.013826280090787 1.3050971536006146
lowcut, highcut, fs, order: 85.98047078251008 3171.193539586494 16000 7
  [epoch 98/100]  batch 100/125  loss=0.070422
  [epoch 98/100]  batch 110/125  loss=0.078493
  [epoch 98/100]  batch 120/125  loss=0.086473
------------------------------------------------------------
Epoch  98/100  train=0.070835  val=0.070601  gap=-0.000234  time=1627s  energy=0.00Wh  CO2=0.00g
  No improvement. Best val=0.066046

Epoch 99/100  lr=1.89e-03
------------------------------------------------------------
Signal is not finite or has very high values after bandpass filtering, returning original data.
Probably the order parameter is too high.
Max value in bandpass augmented data (the augmentation is ignored), (xmax, ymax): 0.8066874242883582 1.011313660619039
lowcut, highcut, fs, order: 99.71553215876297 3982.5883874783503 16000 7
  [epoch 99/100]  batch 10/125  loss=0.067689
  [epoch 99/100]  batch 20/125  loss=0.080980
  [epoch 99/100]  batch 30/125  loss=0.069001
  [epoch 99/100]  batch 40/125  loss=0.062637
  [epoch 99/100]  batch 50/125  loss=0.071816
  [epoch 99/100]  batch 60/125  loss=0.065608
  [epoch 99/100]  batch 70/125  loss=0.067610
  [epoch 99/100]  batch 80/125  loss=0.064261
  [epoch 99/100]  batch 90/125  loss=0.063236
  [epoch 99/100]  batch 100/125  loss=0.076889
  [epoch 99/100]  batch 110/125  loss=0.082114
  [epoch 99/100]  batch 120/125  loss=0.077855
------------------------------------------------------------
Epoch  99/100  train=0.068877  val=0.068313  gap=-0.000565  time=1632s  energy=0.00Wh  CO2=0.00g
  No improvement. Best val=0.066046

Epoch 100/100  lr=1.89e-03
------------------------------------------------------------
  [epoch 100/100]  batch 10/125  loss=0.055188
  [epoch 100/100]  batch 20/125  loss=0.067078
  [epoch 100/100]  batch 30/125  loss=0.074821
  [epoch 100/100]  batch 40/125  loss=0.075032
  [epoch 100/100]  batch 50/125  loss=0.087847
  [epoch 100/100]  batch 60/125  loss=0.064024
  [epoch 100/100]  batch 70/125  loss=0.071719
  [epoch 100/100]  batch 80/125  loss=0.070426
  [epoch 100/100]  batch 90/125  loss=0.065232
  [epoch 100/100]  batch 100/125  loss=0.084675
  [epoch 100/100]  batch 110/125  loss=0.072545
Signal is not finite or has very high values after bandpass filtering, returning original data.
Probably the order parameter is too high.
Max value in bandpass augmented data (the augmentation is ignored), (xmax, ymax): 0.9432264801830601 1.2846857243380847
lowcut, highcut, fs, order: 23.437696734648114 2685.1201544844307 16000 7
  [epoch 100/100]  batch 120/125  loss=0.065435
------------------------------------------------------------
Epoch 100/100  train=0.068545  val=0.067727  gap=-0.000818  time=1661s  energy=0.00Wh  CO2=0.00g
  No improvement. Best val=0.066046
  Checkpoint saved: /gpfs/helios/home/etais/hpc_bilal/nn_proj/runs/full_train/lr5em03_samp2000/gru_h161/checkpoints/checkpoint_epoch100.pt

======================================================================
Training complete: GRU h=161
======================================================================
Total time     : 163979s  (45.55h)
Best val loss  : 0.066046
Total energy   : 12454.4023 Wh
GPU energy     : 10696.6845 Wh
CPU energy     : 878.9784 Wh
RAM energy     : 878.7393 Wh
Total CO2      : 5189.3384 gCO2eq
Avg GPU power  : 235.0 W
Avg CPU power  : 20.0 W
  Loss curves saved: /gpfs/helios/home/etais/hpc_bilal/nn_proj/runs/full_train/lr5em03_samp2000/gru_h161/loss_curves.png

Final test evaluation using best model...
Best model epoch : 74
Train loss       : 0.067022
Val loss         : 0.066046
Test loss        : 0.064033

======================================================================
MODEL B — CRN
======================================================================

======================================================================
Training: CRN h=161
======================================================================
Parameters: 3,948,364

Using 4 GPUs with DataParallel

Epoch 1/100  lr=5.00e-03
------------------------------------------------------------
  [epoch 1/100]  batch 10/125  loss=0.202763
  [epoch 1/100]  batch 20/125  loss=0.190321
  [epoch 1/100]  batch 30/125  loss=0.238895
  [epoch 1/100]  batch 40/125  loss=0.227200
  [epoch 1/100]  batch 50/125  loss=0.227698
  [epoch 1/100]  batch 60/125  loss=0.161474
  [epoch 1/100]  batch 70/125  loss=0.192675
  [epoch 1/100]  batch 80/125  loss=0.263039
  [epoch 1/100]  batch 90/125  loss=0.183075
  [epoch 1/100]  batch 100/125  loss=0.205699
  [epoch 1/100]  batch 110/125  loss=0.148028
  [epoch 1/100]  batch 120/125  loss=0.171135
------------------------------------------------------------
Epoch   1/100  train=0.196836  val=0.153831  gap=-0.043005  time=1643s  energy=0.00Wh  CO2=0.00g
  ✓ Best model saved (val_loss=0.153831)

Epoch 2/100  lr=5.00e-03
------------------------------------------------------------
  [epoch 2/100]  batch 10/125  loss=0.174088
  [epoch 2/100]  batch 20/125  loss=0.172745
  [epoch 2/100]  batch 30/125  loss=0.161989
  [epoch 2/100]  batch 40/125  loss=0.163141
  [epoch 2/100]  batch 50/125  loss=0.190506
  [epoch 2/100]  batch 60/125  loss=0.143324
  [epoch 2/100]  batch 70/125  loss=0.163511
  [epoch 2/100]  batch 80/125  loss=0.134748
  [epoch 2/100]  batch 90/125  loss=0.133808
  [epoch 2/100]  batch 100/125  loss=0.206268
  [epoch 2/100]  batch 110/125  loss=0.203291
  [epoch 2/100]  batch 120/125  loss=0.190950
------------------------------------------------------------
Epoch   2/100  train=0.176944  val=0.151673  gap=-0.025272  time=1648s  energy=0.00Wh  CO2=0.00g
  ✓ Best model saved (val_loss=0.151673)

Epoch 3/100  lr=5.00e-03
------------------------------------------------------------
  [epoch 3/100]  batch 10/125  loss=0.158247
  [epoch 3/100]  batch 20/125  loss=0.132933
  [epoch 3/100]  batch 30/125  loss=0.139911
  [epoch 3/100]  batch 40/125  loss=0.176271
  [epoch 3/100]  batch 50/125  loss=0.148276
  [epoch 3/100]  batch 60/125  loss=0.165136
  [epoch 3/100]  batch 70/125  loss=0.122319
  [epoch 3/100]  batch 80/125  loss=0.115645
  [epoch 3/100]  batch 90/125  loss=0.113088
  [epoch 3/100]  batch 100/125  loss=0.135733
Signal is not finite or has very high values after bandpass filtering, returning original data.
Probably the order parameter is too high.
Max value in bandpass augmented data (the augmentation is ignored), (xmax, ymax): 1.169516200192581 1.504765486696035
lowcut, highcut, fs, order: 53.60497746601969 2803.580962394014 16000 7
  [epoch 3/100]  batch 110/125  loss=0.107826
  [epoch 3/100]  batch 120/125  loss=0.141488
------------------------------------------------------------
Epoch   3/100  train=0.144439  val=0.096274  gap=-0.048165  time=1647s  energy=0.00Wh  CO2=0.00g
  ✓ Best model saved (val_loss=0.096274)

Epoch 4/100  lr=5.00e-03
------------------------------------------------------------
  [epoch 4/100]  batch 10/125  loss=0.119764
  [epoch 4/100]  batch 20/125  loss=0.098255
  [epoch 4/100]  batch 30/125  loss=0.115639
  [epoch 4/100]  batch 40/125  loss=0.112284
  [epoch 4/100]  batch 50/125  loss=0.091673
  [epoch 4/100]  batch 60/125  loss=0.096536
  [epoch 4/100]  batch 70/125  loss=0.088018
  [epoch 4/100]  batch 80/125  loss=0.094835
  [epoch 4/100]  batch 90/125  loss=0.106577
  [epoch 4/100]  batch 100/125  loss=0.105886
  [epoch 4/100]  batch 110/125  loss=0.110771
  [epoch 4/100]  batch 120/125  loss=0.138323
------------------------------------------------------------
Epoch   4/100  train=0.114976  val=0.093607  gap=-0.021369  time=1640s  energy=0.00Wh  CO2=0.00g
  ✓ Best model saved (val_loss=0.093607)

Epoch 5/100  lr=5.00e-03
------------------------------------------------------------
  [epoch 5/100]  batch 10/125  loss=0.110005
  [epoch 5/100]  batch 20/125  loss=0.101160
  [epoch 5/100]  batch 30/125  loss=0.114411
  [epoch 5/100]  batch 40/125  loss=0.106457
  [epoch 5/100]  batch 50/125  loss=0.117942
  [epoch 5/100]  batch 60/125  loss=0.106716
  [epoch 5/100]  batch 70/125  loss=0.108851
  [epoch 5/100]  batch 80/125  loss=0.127414
  [epoch 5/100]  batch 90/125  loss=0.142334
  [epoch 5/100]  batch 100/125  loss=0.135191
  [epoch 5/100]  batch 110/125  loss=0.103606
  [epoch 5/100]  batch 120/125  loss=0.087173
------------------------------------------------------------
Epoch   5/100  train=0.109512  val=0.088695  gap=-0.020816  time=1643s  energy=0.00Wh  CO2=0.00g
  ✓ Best model saved (val_loss=0.088695)
  Checkpoint saved: /gpfs/helios/home/etais/hpc_bilal/nn_proj/runs/full_train/lr5em03_samp2000/crn_h161/checkpoints/checkpoint_epoch5.pt

Epoch 6/100  lr=4.75e-03
------------------------------------------------------------
  [epoch 6/100]  batch 10/125  loss=0.073035
  [epoch 6/100]  batch 20/125  loss=0.121489
  [epoch 6/100]  batch 30/125  loss=0.110509
  [epoch 6/100]  batch 40/125  loss=0.094000
  [epoch 6/100]  batch 50/125  loss=0.100288
  [epoch 6/100]  batch 60/125  loss=0.096196
  [epoch 6/100]  batch 70/125  loss=0.119600
  [epoch 6/100]  batch 80/125  loss=0.107282
  [epoch 6/100]  batch 90/125  loss=0.140662
  [epoch 6/100]  batch 100/125  loss=0.095854
  [epoch 6/100]  batch 110/125  loss=0.100766
  [epoch 6/100]  batch 120/125  loss=0.098368
------------------------------------------------------------
Epoch   6/100  train=0.102589  val=0.083918  gap=-0.018671  time=1640s  energy=0.00Wh  CO2=0.00g
  ✓ Best model saved (val_loss=0.083918)

Epoch 7/100  lr=4.75e-03
------------------------------------------------------------
  [epoch 7/100]  batch 10/125  loss=0.101196
  [epoch 7/100]  batch 20/125  loss=0.096785
  [epoch 7/100]  batch 30/125  loss=0.085022
  [epoch 7/100]  batch 40/125  loss=0.127484
  [epoch 7/100]  batch 50/125  loss=0.097243
  [epoch 7/100]  batch 60/125  loss=0.084489
  [epoch 7/100]  batch 70/125  loss=0.098171
  [epoch 7/100]  batch 80/125  loss=0.092807
  [epoch 7/100]  batch 90/125  loss=0.076060
  [epoch 7/100]  batch 100/125  loss=0.118288
  [epoch 7/100]  batch 110/125  loss=0.096499
  [epoch 7/100]  batch 120/125  loss=0.096172
------------------------------------------------------------
Epoch   7/100  train=0.099989  val=0.080266  gap=-0.019723  time=1615s  energy=0.00Wh  CO2=0.00g
  ✓ Best model saved (val_loss=0.080266)

Epoch 8/100  lr=4.75e-03
------------------------------------------------------------
  [epoch 8/100]  batch 10/125  loss=0.106053
  [epoch 8/100]  batch 20/125  loss=0.111417
  [epoch 8/100]  batch 30/125  loss=0.119646
  [epoch 8/100]  batch 40/125  loss=0.085593
  [epoch 8/100]  batch 50/125  loss=0.106687
  [epoch 8/100]  batch 60/125  loss=0.127913
  [epoch 8/100]  batch 70/125  loss=0.128507
  [epoch 8/100]  batch 80/125  loss=0.124594
  [epoch 8/100]  batch 90/125  loss=0.099362
  [epoch 8/100]  batch 100/125  loss=0.134132
  [epoch 8/100]  batch 110/125  loss=0.091255
  [epoch 8/100]  batch 120/125  loss=0.095870
------------------------------------------------------------
Epoch   8/100  train=0.104389  val=0.083132  gap=-0.021258  time=1609s  energy=0.00Wh  CO2=0.00g
  No improvement. Best val=0.080266

Epoch 9/100  lr=4.75e-03
------------------------------------------------------------
  [epoch 9/100]  batch 10/125  loss=0.071251
  [epoch 9/100]  batch 20/125  loss=0.122243
  [epoch 9/100]  batch 30/125  loss=0.095613
  [epoch 9/100]  batch 40/125  loss=0.087324
  [epoch 9/100]  batch 50/125  loss=0.124120
  [epoch 9/100]  batch 60/125  loss=0.086356
  [epoch 9/100]  batch 70/125  loss=0.093217
  [epoch 9/100]  batch 80/125  loss=0.086044
  [epoch 9/100]  batch 90/125  loss=0.074290
  [epoch 9/100]  batch 100/125  loss=0.096757
  [epoch 9/100]  batch 110/125  loss=0.082182
  [epoch 9/100]  batch 120/125  loss=0.097270
------------------------------------------------------------
Epoch   9/100  train=0.099456  val=0.080117  gap=-0.019339  time=1607s  energy=0.00Wh  CO2=0.00g
  ✓ Best model saved (val_loss=0.080117)

Epoch 10/100  lr=4.75e-03
------------------------------------------------------------
  [epoch 10/100]  batch 10/125  loss=0.115985
  [epoch 10/100]  batch 20/125  loss=0.096524
  [epoch 10/100]  batch 30/125  loss=0.098762
  [epoch 10/100]  batch 40/125  loss=0.120652
Signal is not finite or has very high values after bandpass filtering, returning original data.
Probably the order parameter is too high.
Max value in bandpass augmented data (the augmentation is ignored), (xmax, ymax): 0.770387419510991 1.001885593315828
lowcut, highcut, fs, order: 34.131404195129264 3883.068702790585 16000 7
  [epoch 10/100]  batch 50/125  loss=0.081408
  [epoch 10/100]  batch 60/125  loss=0.090286
Signal is not finite or has very high values after bandpass filtering, returning original data.
Probably the order parameter is too high.
Max value in bandpass augmented data (the augmentation is ignored), (xmax, ymax): 0.6662619407019071 1.168021412592287
lowcut, highcut, fs, order: 78.24531954819537 2274.362355594448 16000 7
  [epoch 10/100]  batch 70/125  loss=0.083948
  [epoch 10/100]  batch 80/125  loss=0.096451
  [epoch 10/100]  batch 90/125  loss=0.105576
  [epoch 10/100]  batch 100/125  loss=0.091387
  [epoch 10/100]  batch 110/125  loss=0.105402
  [epoch 10/100]  batch 120/125  loss=0.111707
------------------------------------------------------------
Epoch  10/100  train=0.097066  val=0.079555  gap=-0.017511  time=1609s  energy=0.00Wh  CO2=0.00g
  ✓ Best model saved (val_loss=0.079555)
  Checkpoint saved: /gpfs/helios/home/etais/hpc_bilal/nn_proj/runs/full_train/lr5em03_samp2000/crn_h161/checkpoints/checkpoint_epoch10.pt

Epoch 11/100  lr=4.51e-03
------------------------------------------------------------
  [epoch 11/100]  batch 10/125  loss=0.084561
  [epoch 11/100]  batch 20/125  loss=0.120424
  [epoch 11/100]  batch 30/125  loss=0.098543
  [epoch 11/100]  batch 40/125  loss=0.074940
  [epoch 11/100]  batch 50/125  loss=0.094706
  [epoch 11/100]  batch 60/125  loss=0.103431
  [epoch 11/100]  batch 70/125  loss=0.111516
  [epoch 11/100]  batch 80/125  loss=0.094415
  [epoch 11/100]  batch 90/125  loss=0.094056
  [epoch 11/100]  batch 100/125  loss=0.107462
  [epoch 11/100]  batch 110/125  loss=0.099548
Signal is not finite or has very high values after bandpass filtering, returning original data.
Probably the order parameter is too high.
Max value in bandpass augmented data (the augmentation is ignored), (xmax, ymax): 0.9686354113082297 1.72319303614926
lowcut, highcut, fs, order: 94.59433691716526 3228.856481804236 16000 7
  [epoch 11/100]  batch 120/125  loss=0.089610
------------------------------------------------------------
Epoch  11/100  train=0.099190  val=0.081146  gap=-0.018044  time=1603s  energy=0.00Wh  CO2=0.00g
  No improvement. Best val=0.079555

Epoch 12/100  lr=4.51e-03
------------------------------------------------------------
  [epoch 12/100]  batch 10/125  loss=0.098049
  [epoch 12/100]  batch 20/125  loss=0.094704
  [epoch 12/100]  batch 30/125  loss=0.074001
  [epoch 12/100]  batch 40/125  loss=0.073716
  [epoch 12/100]  batch 50/125  loss=0.104130
  [epoch 12/100]  batch 60/125  loss=0.092555
  [epoch 12/100]  batch 70/125  loss=0.100359
  [epoch 12/100]  batch 80/125  loss=0.111249
  [epoch 12/100]  batch 90/125  loss=0.103401
  [epoch 12/100]  batch 100/125  loss=0.088471
  [epoch 12/100]  batch 110/125  loss=0.095069
  [epoch 12/100]  batch 120/125  loss=0.100563
------------------------------------------------------------
Epoch  12/100  train=0.097818  val=0.081084  gap=-0.016733  time=1606s  energy=0.00Wh  CO2=0.00g
  No improvement. Best val=0.079555

Epoch 13/100  lr=4.51e-03
------------------------------------------------------------
  [epoch 13/100]  batch 10/125  loss=0.081651
  [epoch 13/100]  batch 20/125  loss=0.094263
  [epoch 13/100]  batch 30/125  loss=0.122478
  [epoch 13/100]  batch 40/125  loss=0.077016
  [epoch 13/100]  batch 50/125  loss=0.104979
  [epoch 13/100]  batch 60/125  loss=0.102690
  [epoch 13/100]  batch 70/125  loss=0.109712
  [epoch 13/100]  batch 80/125  loss=0.080927
  [epoch 13/100]  batch 90/125  loss=0.102555
  [epoch 13/100]  batch 100/125  loss=0.093919
  [epoch 13/100]  batch 110/125  loss=0.124692
  [epoch 13/100]  batch 120/125  loss=0.148480
------------------------------------------------------------
Epoch  13/100  train=0.097165  val=0.078914  gap=-0.018251  time=1611s  energy=0.00Wh  CO2=0.00g
  ✓ Best model saved (val_loss=0.078914)

Epoch 14/100  lr=4.51e-03
------------------------------------------------------------
  [epoch 14/100]  batch 10/125  loss=0.099695
  [epoch 14/100]  batch 20/125  loss=0.058888
  [epoch 14/100]  batch 30/125  loss=0.084272
  [epoch 14/100]  batch 40/125  loss=0.104291
  [epoch 14/100]  batch 50/125  loss=0.091629
  [epoch 14/100]  batch 60/125  loss=0.115488
  [epoch 14/100]  batch 70/125  loss=0.087242
  [epoch 14/100]  batch 80/125  loss=0.090728
  [epoch 14/100]  batch 90/125  loss=0.102039
  [epoch 14/100]  batch 100/125  loss=0.085074
  [epoch 14/100]  batch 110/125  loss=0.104472
  [epoch 14/100]  batch 120/125  loss=0.096578
------------------------------------------------------------
Epoch  14/100  train=0.097636  val=0.078818  gap=-0.018818  time=1612s  energy=0.00Wh  CO2=0.00g
  ✓ Best model saved (val_loss=0.078818)

Epoch 15/100  lr=4.51e-03
------------------------------------------------------------
  [epoch 15/100]  batch 10/125  loss=0.097347
  [epoch 15/100]  batch 20/125  loss=0.095004
  [epoch 15/100]  batch 30/125  loss=0.096838
  [epoch 15/100]  batch 40/125  loss=0.102102
  [epoch 15/100]  batch 50/125  loss=0.102970
  [epoch 15/100]  batch 60/125  loss=0.102257
Signal is not finite or has very high values after bandpass filtering, returning original data.
Probably the order parameter is too high.
Max value in bandpass augmented data (the augmentation is ignored), (xmax, ymax): 0.6645789921452496 1.0549761217142426
lowcut, highcut, fs, order: 83.91241794228101 3588.4349676083752 16000 7
  [epoch 15/100]  batch 70/125  loss=0.075913
  [epoch 15/100]  batch 80/125  loss=0.097552
  [epoch 15/100]  batch 90/125  loss=0.090293
  [epoch 15/100]  batch 100/125  loss=0.092310
  [epoch 15/100]  batch 110/125  loss=0.075721
  [epoch 15/100]  batch 120/125  loss=0.089512
------------------------------------------------------------
Epoch  15/100  train=0.094119  val=0.078198  gap=-0.015921  time=1611s  energy=0.00Wh  CO2=0.00g
  ✓ Best model saved (val_loss=0.078198)
  Checkpoint saved: /gpfs/helios/home/etais/hpc_bilal/nn_proj/runs/full_train/lr5em03_samp2000/crn_h161/checkpoints/checkpoint_epoch15.pt

Epoch 16/100  lr=4.29e-03
------------------------------------------------------------
  [epoch 16/100]  batch 10/125  loss=0.077722
  [epoch 16/100]  batch 20/125  loss=0.090556
  [epoch 16/100]  batch 30/125  loss=0.093004
  [epoch 16/100]  batch 40/125  loss=0.111203
  [epoch 16/100]  batch 50/125  loss=0.091986
  [epoch 16/100]  batch 60/125  loss=0.112652
  [epoch 16/100]  batch 70/125  loss=0.121531
  [epoch 16/100]  batch 80/125  loss=0.099859
  [epoch 16/100]  batch 90/125  loss=0.092744
Signal is not finite or has very high values after bandpass filtering, returning original data.
Probably the order parameter is too high.
Max value in bandpass augmented data (the augmentation is ignored), (xmax, ymax): 0.8501589631523148 1.1131413488750306
lowcut, highcut, fs, order: 41.681477381266305 2978.6429601361824 16000 7
  [epoch 16/100]  batch 100/125  loss=0.078562
  [epoch 16/100]  batch 110/125  loss=0.105949
  [epoch 16/100]  batch 120/125  loss=0.104333
------------------------------------------------------------
Epoch  16/100  train=0.096196  val=0.095857  gap=-0.000339  time=1627s  energy=0.00Wh  CO2=0.00g
  No improvement. Best val=0.078198

Epoch 17/100  lr=4.29e-03
------------------------------------------------------------
  [epoch 17/100]  batch 10/125  loss=0.081729
  [epoch 17/100]  batch 20/125  loss=0.096351
  [epoch 17/100]  batch 30/125  loss=0.116198
  [epoch 17/100]  batch 40/125  loss=0.085775
  [epoch 17/100]  batch 50/125  loss=0.083762
  [epoch 17/100]  batch 60/125  loss=0.104063
  [epoch 17/100]  batch 70/125  loss=0.102906
  [epoch 17/100]  batch 80/125  loss=0.110006
  [epoch 17/100]  batch 90/125  loss=0.098923
  [epoch 17/100]  batch 100/125  loss=0.086271
Signal is not finite or has very high values after bandpass filtering, returning original data.
Probably the order parameter is too high.
Max value in bandpass augmented data (the augmentation is ignored), (xmax, ymax): 0.9930207751226433 1.2805617957540627
lowcut, highcut, fs, order: 97.10805477641765 3066.4827925862737 16000 7
  [epoch 17/100]  batch 110/125  loss=0.090797
  [epoch 17/100]  batch 120/125  loss=0.090610
------------------------------------------------------------
Epoch  17/100  train=0.095623  val=0.078147  gap=-0.017477  time=1619s  energy=0.00Wh  CO2=0.00g
  ✓ Best model saved (val_loss=0.078147)

Epoch 18/100  lr=4.29e-03
------------------------------------------------------------
  [epoch 18/100]  batch 10/125  loss=0.092272
  [epoch 18/100]  batch 20/125  loss=0.073963
  [epoch 18/100]  batch 30/125  loss=0.101629
  [epoch 18/100]  batch 40/125  loss=0.101445
  [epoch 18/100]  batch 50/125  loss=0.080323
  [epoch 18/100]  batch 60/125  loss=0.093756
  [epoch 18/100]  batch 70/125  loss=0.106979
  [epoch 18/100]  batch 80/125  loss=0.089404
  [epoch 18/100]  batch 90/125  loss=0.113162
  [epoch 18/100]  batch 100/125  loss=0.095318
  [epoch 18/100]  batch 110/125  loss=0.086078
  [epoch 18/100]  batch 120/125  loss=0.100891
------------------------------------------------------------
Epoch  18/100  train=0.095168  val=0.081181  gap=-0.013987  time=1658s  energy=0.00Wh  CO2=0.00g
  No improvement. Best val=0.078147

Epoch 19/100  lr=4.29e-03
------------------------------------------------------------
  [epoch 19/100]  batch 10/125  loss=0.088020
  [epoch 19/100]  batch 20/125  loss=0.088678
  [epoch 19/100]  batch 30/125  loss=0.096599
  [epoch 19/100]  batch 40/125  loss=0.097135
  [epoch 19/100]  batch 50/125  loss=0.076986
  [epoch 19/100]  batch 60/125  loss=0.094119
  [epoch 19/100]  batch 70/125  loss=0.075103
  [epoch 19/100]  batch 80/125  loss=0.104147
  [epoch 19/100]  batch 90/125  loss=0.103754
  [epoch 19/100]  batch 100/125  loss=0.104833
  [epoch 19/100]  batch 110/125  loss=0.097252
  [epoch 19/100]  batch 120/125  loss=0.089065
------------------------------------------------------------
Epoch  19/100  train=0.093380  val=0.079307  gap=-0.014073  time=1647s  energy=0.00Wh  CO2=0.00g
  No improvement. Best val=0.078147

Epoch 20/100  lr=4.29e-03
------------------------------------------------------------
  [epoch 20/100]  batch 10/125  loss=0.121718
  [epoch 20/100]  batch 20/125  loss=0.119924
  [epoch 20/100]  batch 30/125  loss=0.074973
  [epoch 20/100]  batch 40/125  loss=0.086622
  [epoch 20/100]  batch 50/125  loss=0.120641
  [epoch 20/100]  batch 60/125  loss=0.100988
  [epoch 20/100]  batch 70/125  loss=0.085241
Signal is not finite or has very high values after bandpass filtering, returning original data.
Probably the order parameter is too high.
Max value in bandpass augmented data (the augmentation is ignored), (xmax, ymax): 0.9931672923114849 1.2728550397737366
lowcut, highcut, fs, order: 53.341772225341714 2413.2921663016978 16000 7
  [epoch 20/100]  batch 80/125  loss=0.079597
  [epoch 20/100]  batch 90/125  loss=0.095067
  [epoch 20/100]  batch 100/125  loss=0.069925
  [epoch 20/100]  batch 110/125  loss=0.095529
  [epoch 20/100]  batch 120/125  loss=0.094647
------------------------------------------------------------
Epoch  20/100  train=0.096831  val=0.085471  gap=-0.011360  time=1624s  energy=0.00Wh  CO2=0.00g
  No improvement. Best val=0.078147
  Checkpoint saved: /gpfs/helios/home/etais/hpc_bilal/nn_proj/runs/full_train/lr5em03_samp2000/crn_h161/checkpoints/checkpoint_epoch20.pt

Epoch 21/100  lr=4.07e-03
------------------------------------------------------------
  [epoch 21/100]  batch 10/125  loss=0.096414
  [epoch 21/100]  batch 20/125  loss=0.087691
  [epoch 21/100]  batch 30/125  loss=0.085962
  [epoch 21/100]  batch 40/125  loss=0.067196
  [epoch 21/100]  batch 50/125  loss=0.122787
  [epoch 21/100]  batch 60/125  loss=0.106799
  [epoch 21/100]  batch 70/125  loss=0.089621
  [epoch 21/100]  batch 80/125  loss=0.101233
Signal is not finite or has very high values after bandpass filtering, returning original data.
Probably the order parameter is too high.
Max value in bandpass augmented data (the augmentation is ignored), (xmax, ymax): 0.7465047089049902 1.22344072517269
lowcut, highcut, fs, order: 31.360632114138237 3110.004683057945 16000 7
  [epoch 21/100]  batch 90/125  loss=0.125546
  [epoch 21/100]  batch 100/125  loss=0.103474
  [epoch 21/100]  batch 110/125  loss=0.110590
  [epoch 21/100]  batch 120/125  loss=0.093101
------------------------------------------------------------
Epoch  21/100  train=0.094692  val=0.077882  gap=-0.016810  time=1638s  energy=0.00Wh  CO2=0.00g
  ✓ Best model saved (val_loss=0.077882)

Epoch 22/100  lr=4.07e-03
------------------------------------------------------------
  [epoch 22/100]  batch 10/125  loss=0.080337
  [epoch 22/100]  batch 20/125  loss=0.090036
  [epoch 22/100]  batch 30/125  loss=0.079869
  [epoch 22/100]  batch 40/125  loss=0.091186
  [epoch 22/100]  batch 50/125  loss=0.080355
  [epoch 22/100]  batch 60/125  loss=0.096945
  [epoch 22/100]  batch 70/125  loss=0.054831
  [epoch 22/100]  batch 80/125  loss=0.085908
Signal is not finite or has very high values after bandpass filtering, returning original data.
Probably the order parameter is too high.
Max value in bandpass augmented data (the augmentation is ignored), (xmax, ymax): 1.2550480335426708 1.5697338801772365
lowcut, highcut, fs, order: 68.70457892775144 2161.4305477513476 16000 7
  [epoch 22/100]  batch 90/125  loss=0.069519
  [epoch 22/100]  batch 100/125  loss=0.115872
  [epoch 22/100]  batch 110/125  loss=0.099089
  [epoch 22/100]  batch 120/125  loss=0.081798
------------------------------------------------------------
Epoch  22/100  train=0.091099  val=0.077761  gap=-0.013338  time=1610s  energy=0.00Wh  CO2=0.00g
  ✓ Best model saved (val_loss=0.077761)

Epoch 23/100  lr=4.07e-03
------------------------------------------------------------
  [epoch 23/100]  batch 10/125  loss=0.100381
  [epoch 23/100]  batch 20/125  loss=0.104555
  [epoch 23/100]  batch 30/125  loss=0.088979
  [epoch 23/100]  batch 40/125  loss=0.084911
  [epoch 23/100]  batch 50/125  loss=0.117478
  [epoch 23/100]  batch 60/125  loss=0.071624
  [epoch 23/100]  batch 70/125  loss=0.079488
  [epoch 23/100]  batch 80/125  loss=0.088373
  [epoch 23/100]  batch 90/125  loss=0.100432
  [epoch 23/100]  batch 100/125  loss=0.117798
  [epoch 23/100]  batch 110/125  loss=0.084080
  [epoch 23/100]  batch 120/125  loss=0.086250
------------------------------------------------------------
Epoch  23/100  train=0.094633  val=0.084840  gap=-0.009793  time=1619s  energy=0.00Wh  CO2=0.00g
  No improvement. Best val=0.077761

Epoch 24/100  lr=4.07e-03
------------------------------------------------------------
  [epoch 24/100]  batch 10/125  loss=0.061503
  [epoch 24/100]  batch 20/125  loss=0.068856
  [epoch 24/100]  batch 30/125  loss=0.106480
  [epoch 24/100]  batch 40/125  loss=0.090876
  [epoch 24/100]  batch 50/125  loss=0.086984
  [epoch 24/100]  batch 60/125  loss=0.098049
  [epoch 24/100]  batch 70/125  loss=0.085347
  [epoch 24/100]  batch 80/125  loss=0.080418
  [epoch 24/100]  batch 90/125  loss=0.088334
  [epoch 24/100]  batch 100/125  loss=0.113214
  [epoch 24/100]  batch 110/125  loss=0.100807
  [epoch 24/100]  batch 120/125  loss=0.082712
------------------------------------------------------------
Epoch  24/100  train=0.090159  val=0.083079  gap=-0.007080  time=1624s  energy=0.00Wh  CO2=0.00g
  No improvement. Best val=0.077761

Epoch 25/100  lr=4.07e-03
------------------------------------------------------------
  [epoch 25/100]  batch 10/125  loss=0.076686
  [epoch 25/100]  batch 20/125  loss=0.080374
  [epoch 25/100]  batch 30/125  loss=0.082137
  [epoch 25/100]  batch 40/125  loss=0.095931
  [epoch 25/100]  batch 50/125  loss=0.075336
  [epoch 25/100]  batch 60/125  loss=0.105755
  [epoch 25/100]  batch 70/125  loss=0.086376
  [epoch 25/100]  batch 80/125  loss=0.088161
  [epoch 25/100]  batch 90/125  loss=0.127940
  [epoch 25/100]  batch 100/125  loss=0.119182
  [epoch 25/100]  batch 110/125  loss=0.079311
  [epoch 25/100]  batch 120/125  loss=0.071658
------------------------------------------------------------
Epoch  25/100  train=0.090512  val=0.079652  gap=-0.010860  time=1621s  energy=0.00Wh  CO2=0.00g
  No improvement. Best val=0.077761
  Checkpoint saved: /gpfs/helios/home/etais/hpc_bilal/nn_proj/runs/full_train/lr5em03_samp2000/crn_h161/checkpoints/checkpoint_epoch25.pt

Epoch 26/100  lr=3.87e-03
------------------------------------------------------------
  [epoch 26/100]  batch 10/125  loss=0.097557
  [epoch 26/100]  batch 20/125  loss=0.113301
  [epoch 26/100]  batch 30/125  loss=0.088027
  [epoch 26/100]  batch 40/125  loss=0.132769
  [epoch 26/100]  batch 50/125  loss=0.090451
  [epoch 26/100]  batch 60/125  loss=0.093496
  [epoch 26/100]  batch 70/125  loss=0.093811
  [epoch 26/100]  batch 80/125  loss=0.085139
  [epoch 26/100]  batch 90/125  loss=0.086740
  [epoch 26/100]  batch 100/125  loss=0.097768
Signal is not finite or has very high values after bandpass filtering, returning original data.
Probably the order parameter is too high.
Max value in bandpass augmented data (the augmentation is ignored), (xmax, ymax): 0.9181071682569598 1.1649278722797622
lowcut, highcut, fs, order: 64.49009247827499 3357.144440524363 16000 7
  [epoch 26/100]  batch 110/125  loss=0.072427
  [epoch 26/100]  batch 120/125  loss=0.093441
------------------------------------------------------------
Epoch  26/100  train=0.093066  val=0.086560  gap=-0.006505  time=1634s  energy=0.00Wh  CO2=0.00g
  No improvement. Best val=0.077761

Epoch 27/100  lr=3.87e-03
------------------------------------------------------------
  [epoch 27/100]  batch 10/125  loss=0.069685
  [epoch 27/100]  batch 20/125  loss=0.083586
  [epoch 27/100]  batch 30/125  loss=0.102841
  [epoch 27/100]  batch 40/125  loss=0.105495
  [epoch 27/100]  batch 50/125  loss=0.113715
  [epoch 27/100]  batch 60/125  loss=0.090882
  [epoch 27/100]  batch 70/125  loss=0.064424
  [epoch 27/100]  batch 80/125  loss=0.099380
  [epoch 27/100]  batch 90/125  loss=0.082013
  [epoch 27/100]  batch 100/125  loss=0.091752
  [epoch 27/100]  batch 110/125  loss=0.085759
  [epoch 27/100]  batch 120/125  loss=0.092612
------------------------------------------------------------
Epoch  27/100  train=0.089488  val=0.089197  gap=-0.000291  time=1637s  energy=0.00Wh  CO2=0.00g
  No improvement. Best val=0.077761

Epoch 28/100  lr=3.87e-03
------------------------------------------------------------
  [epoch 28/100]  batch 10/125  loss=0.111500
Signal is not finite or has very high values after bandpass filtering, returning original data.
Probably the order parameter is too high.
Max value in bandpass augmented data (the augmentation is ignored), (xmax, ymax): 0.7818189200141076 1.278751589451164
lowcut, highcut, fs, order: 91.40408238622544 3916.0299916201348 16000 7
  [epoch 28/100]  batch 20/125  loss=0.107451
  [epoch 28/100]  batch 30/125  loss=0.091224
  [epoch 28/100]  batch 40/125  loss=0.093951
  [epoch 28/100]  batch 50/125  loss=0.091916
Signal is not finite or has very high values after bandpass filtering, returning original data.
Probably the order parameter is too high.
Max value in bandpass augmented data (the augmentation is ignored), (xmax, ymax): 0.6568157986352652 1.0183678039845587
lowcut, highcut, fs, order: 85.90703207722393 2213.7863869766643 16000 7
  [epoch 28/100]  batch 60/125  loss=0.095246
  [epoch 28/100]  batch 70/125  loss=0.101419
  [epoch 28/100]  batch 80/125  loss=0.082811
  [epoch 28/100]  batch 90/125  loss=0.081326
  [epoch 28/100]  batch 100/125  loss=0.091766
  [epoch 28/100]  batch 110/125  loss=0.103413
  [epoch 28/100]  batch 120/125  loss=0.087851
------------------------------------------------------------
Epoch  28/100  train=0.090365  val=0.080351  gap=-0.010014  time=1622s  energy=0.00Wh  CO2=0.00g
  No improvement. Best val=0.077761

Epoch 29/100  lr=3.87e-03
------------------------------------------------------------
  [epoch 29/100]  batch 10/125  loss=0.103150
  [epoch 29/100]  batch 20/125  loss=0.065965
Signal is not finite or has very high values after bandpass filtering, returning original data.
Probably the order parameter is too high.
Max value in bandpass augmented data (the augmentation is ignored), (xmax, ymax): 0.9504445469525467 1.2094313484435197
lowcut, highcut, fs, order: 58.55802785023688 3913.0583294304824 16000 7
  [epoch 29/100]  batch 30/125  loss=0.080767
  [epoch 29/100]  batch 40/125  loss=0.075337
  [epoch 29/100]  batch 50/125  loss=0.079745
Signal is not finite or has very high values after bandpass filtering, returning original data.
Probably the order parameter is too high.
Max value in bandpass augmented data (the augmentation is ignored), (xmax, ymax): 1.5306542651556243 1.9374303739687715
lowcut, highcut, fs, order: 75.5815422820437 3541.7324738710063 16000 7
  [epoch 29/100]  batch 60/125  loss=0.061052
  [epoch 29/100]  batch 70/125  loss=0.098999
Signal is not finite or has very high values after bandpass filtering, returning original data.
Probably the order parameter is too high.
Max value in bandpass augmented data (the augmentation is ignored), (xmax, ymax): 0.8015048069610788 1.0689586435366472
lowcut, highcut, fs, order: 49.41651847352855 3515.4746585957673 16000 7
  [epoch 29/100]  batch 80/125  loss=0.107265
  [epoch 29/100]  batch 90/125  loss=0.093862
  [epoch 29/100]  batch 100/125  loss=0.076071
  [epoch 29/100]  batch 110/125  loss=0.089687
  [epoch 29/100]  batch 120/125  loss=0.088410
------------------------------------------------------------
Epoch  29/100  train=0.091264  val=0.080658  gap=-0.010605  time=1632s  energy=0.00Wh  CO2=0.00g
  No improvement. Best val=0.077761

Epoch 30/100  lr=3.87e-03
------------------------------------------------------------
  [epoch 30/100]  batch 10/125  loss=0.094394
  [epoch 30/100]  batch 20/125  loss=0.094870
  [epoch 30/100]  batch 30/125  loss=0.112448
  [epoch 30/100]  batch 40/125  loss=0.107514
  [epoch 30/100]  batch 50/125  loss=0.090446
  [epoch 30/100]  batch 60/125  loss=0.081008
  [epoch 30/100]  batch 70/125  loss=0.085785
  [epoch 30/100]  batch 80/125  loss=0.086277
  [epoch 30/100]  batch 90/125  loss=0.095260
  [epoch 30/100]  batch 100/125  loss=0.086073
  [epoch 30/100]  batch 110/125  loss=0.070186
  [epoch 30/100]  batch 120/125  loss=0.131793
------------------------------------------------------------
Epoch  30/100  train=0.090427  val=0.077756  gap=-0.012672  time=1647s  energy=0.00Wh  CO2=0.00g
  ✓ Best model saved (val_loss=0.077756)
  Checkpoint saved: /gpfs/helios/home/etais/hpc_bilal/nn_proj/runs/full_train/lr5em03_samp2000/crn_h161/checkpoints/checkpoint_epoch30.pt

Epoch 31/100  lr=3.68e-03
------------------------------------------------------------
  [epoch 31/100]  batch 10/125  loss=0.076743
  [epoch 31/100]  batch 20/125  loss=0.081023
  [epoch 31/100]  batch 30/125  loss=0.071952
  [epoch 31/100]  batch 40/125  loss=0.089149
  [epoch 31/100]  batch 50/125  loss=0.081801
  [epoch 31/100]  batch 60/125  loss=0.094251
  [epoch 31/100]  batch 70/125  loss=0.101525
  [epoch 31/100]  batch 80/125  loss=0.078267
  [epoch 31/100]  batch 90/125  loss=0.072572
  [epoch 31/100]  batch 100/125  loss=0.089430
  [epoch 31/100]  batch 110/125  loss=0.073997
  [epoch 31/100]  batch 120/125  loss=0.101808
------------------------------------------------------------
Epoch  31/100  train=0.090970  val=0.078002  gap=-0.012968  time=1615s  energy=0.00Wh  CO2=0.00g
  No improvement. Best val=0.077756

Epoch 32/100  lr=3.68e-03
------------------------------------------------------------
  [epoch 32/100]  batch 10/125  loss=0.073566
  [epoch 32/100]  batch 20/125  loss=0.081204
  [epoch 32/100]  batch 30/125  loss=0.101190
  [epoch 32/100]  batch 40/125  loss=0.114139
  [epoch 32/100]  batch 50/125  loss=0.119717
  [epoch 32/100]  batch 60/125  loss=0.116303
  [epoch 32/100]  batch 70/125  loss=0.091753
  [epoch 32/100]  batch 80/125  loss=0.085071
  [epoch 32/100]  batch 90/125  loss=0.086229
  [epoch 32/100]  batch 100/125  loss=0.083725
  [epoch 32/100]  batch 110/125  loss=0.116666
  [epoch 32/100]  batch 120/125  loss=0.082517
------------------------------------------------------------
Epoch  32/100  train=0.089436  val=0.078468  gap=-0.010968  time=1631s  energy=0.00Wh  CO2=0.00g
  No improvement. Best val=0.077756

Epoch 33/100  lr=3.68e-03
------------------------------------------------------------
  [epoch 33/100]  batch 10/125  loss=0.082817
  [epoch 33/100]  batch 20/125  loss=0.088186
  [epoch 33/100]  batch 30/125  loss=0.081707
  [epoch 33/100]  batch 40/125  loss=0.088813
  [epoch 33/100]  batch 50/125  loss=0.093451
  [epoch 33/100]  batch 60/125  loss=0.111659
  [epoch 33/100]  batch 70/125  loss=0.088363
  [epoch 33/100]  batch 80/125  loss=0.111564
  [epoch 33/100]  batch 90/125  loss=0.086075
  [epoch 33/100]  batch 100/125  loss=0.096847
  [epoch 33/100]  batch 110/125  loss=0.067227
Signal is not finite or has very high values after bandpass filtering, returning original data.
Probably the order parameter is too high.
Max value in bandpass augmented data (the augmentation is ignored), (xmax, ymax): 0.9208298662644798 1.2322429271526967
lowcut, highcut, fs, order: 63.01016534119587 3984.0366097290307 16000 7
  [epoch 33/100]  batch 120/125  loss=0.073553
------------------------------------------------------------
Epoch  33/100  train=0.088895  val=0.081677  gap=-0.007218  time=1624s  energy=0.00Wh  CO2=0.00g
  No improvement. Best val=0.077756

Epoch 34/100  lr=3.68e-03
------------------------------------------------------------
  [epoch 34/100]  batch 10/125  loss=0.113237
  [epoch 34/100]  batch 20/125  loss=0.079020
  [epoch 34/100]  batch 30/125  loss=0.088113
  [epoch 34/100]  batch 40/125  loss=0.082642
  [epoch 34/100]  batch 50/125  loss=0.073376
  [epoch 34/100]  batch 60/125  loss=0.087943
  [epoch 34/100]  batch 70/125  loss=0.081634
  [epoch 34/100]  batch 80/125  loss=0.130476
  [epoch 34/100]  batch 90/125  loss=0.112870
  [epoch 34/100]  batch 100/125  loss=0.102483
  [epoch 34/100]  batch 110/125  loss=0.092382
  [epoch 34/100]  batch 120/125  loss=0.070466
------------------------------------------------------------
Epoch  34/100  train=0.087597  val=0.079150  gap=-0.008446  time=1618s  energy=0.00Wh  CO2=0.00g
  No improvement. Best val=0.077756

Epoch 35/100  lr=3.68e-03
------------------------------------------------------------
  [epoch 35/100]  batch 10/125  loss=0.086002
  [epoch 35/100]  batch 20/125  loss=0.076080
  [epoch 35/100]  batch 30/125  loss=0.081716
  [epoch 35/100]  batch 40/125  loss=0.062300
  [epoch 35/100]  batch 50/125  loss=0.076832
  [epoch 35/100]  batch 60/125  loss=0.089453
  [epoch 35/100]  batch 70/125  loss=0.075060
  [epoch 35/100]  batch 80/125  loss=0.090031
  [epoch 35/100]  batch 90/125  loss=0.084639
  [epoch 35/100]  batch 100/125  loss=0.089499
  [epoch 35/100]  batch 110/125  loss=0.103630
  [epoch 35/100]  batch 120/125  loss=0.078490
------------------------------------------------------------
Epoch  35/100  train=0.087829  val=0.078697  gap=-0.009132  time=1636s  energy=0.00Wh  CO2=0.00g
  No improvement. Best val=0.077756
  Checkpoint saved: /gpfs/helios/home/etais/hpc_bilal/nn_proj/runs/full_train/lr5em03_samp2000/crn_h161/checkpoints/checkpoint_epoch35.pt

Epoch 36/100  lr=3.49e-03
------------------------------------------------------------
  [epoch 36/100]  batch 10/125  loss=0.081649
  [epoch 36/100]  batch 20/125  loss=0.082759
  [epoch 36/100]  batch 30/125  loss=0.084962
  [epoch 36/100]  batch 40/125  loss=0.077586
  [epoch 36/100]  batch 50/125  loss=0.088885
  [epoch 36/100]  batch 60/125  loss=0.088906
  [epoch 36/100]  batch 70/125  loss=0.077106
  [epoch 36/100]  batch 80/125  loss=0.083934
  [epoch 36/100]  batch 90/125  loss=0.088118
  [epoch 36/100]  batch 100/125  loss=0.084218
  [epoch 36/100]  batch 110/125  loss=0.089386
  [epoch 36/100]  batch 120/125  loss=0.099324
------------------------------------------------------------
Epoch  36/100  train=0.087347  val=0.080372  gap=-0.006975  time=1622s  energy=0.00Wh  CO2=0.00g
  No improvement. Best val=0.077756

Epoch 37/100  lr=3.49e-03
------------------------------------------------------------
  [epoch 37/100]  batch 10/125  loss=0.087310
  [epoch 37/100]  batch 20/125  loss=0.091958
  [epoch 37/100]  batch 30/125  loss=0.088788
  [epoch 37/100]  batch 40/125  loss=0.093053
  [epoch 37/100]  batch 50/125  loss=0.085335
  [epoch 37/100]  batch 60/125  loss=0.106136
  [epoch 37/100]  batch 70/125  loss=0.062912
  [epoch 37/100]  batch 80/125  loss=0.080041
  [epoch 37/100]  batch 90/125  loss=0.084672
  [epoch 37/100]  batch 100/125  loss=0.095012
  [epoch 37/100]  batch 110/125  loss=0.087176
  [epoch 37/100]  batch 120/125  loss=0.081551
------------------------------------------------------------
Epoch  37/100  train=0.088362  val=0.075903  gap=-0.012459  time=1603s  energy=0.00Wh  CO2=0.00g
  ✓ Best model saved (val_loss=0.075903)

Epoch 38/100  lr=3.49e-03
------------------------------------------------------------
  [epoch 38/100]  batch 10/125  loss=0.094164
  [epoch 38/100]  batch 20/125  loss=0.076911
  [epoch 38/100]  batch 30/125  loss=0.088133
  [epoch 38/100]  batch 40/125  loss=0.103530
  [epoch 38/100]  batch 50/125  loss=0.090638
  [epoch 38/100]  batch 60/125  loss=0.084836
  [epoch 38/100]  batch 70/125  loss=0.076992
  [epoch 38/100]  batch 80/125  loss=0.088088
  [epoch 38/100]  batch 90/125  loss=0.080862
  [epoch 38/100]  batch 100/125  loss=0.072902
  [epoch 38/100]  batch 110/125  loss=0.079781
  [epoch 38/100]  batch 120/125  loss=0.075494
------------------------------------------------------------
Epoch  38/100  train=0.089024  val=0.077685  gap=-0.011339  time=1589s  energy=0.00Wh  CO2=0.00g
  No improvement. Best val=0.075903

Epoch 39/100  lr=3.49e-03
------------------------------------------------------------
  [epoch 39/100]  batch 10/125  loss=0.096351
  [epoch 39/100]  batch 20/125  loss=0.098504
  [epoch 39/100]  batch 30/125  loss=0.073040
  [epoch 39/100]  batch 40/125  loss=0.102138
  [epoch 39/100]  batch 50/125  loss=0.088939
  [epoch 39/100]  batch 60/125  loss=0.098995
  [epoch 39/100]  batch 70/125  loss=0.085259
  [epoch 39/100]  batch 80/125  loss=0.081126
  [epoch 39/100]  batch 90/125  loss=0.088032
  [epoch 39/100]  batch 100/125  loss=0.066489
  [epoch 39/100]  batch 110/125  loss=0.107078
  [epoch 39/100]  batch 120/125  loss=0.098384
------------------------------------------------------------
Epoch  39/100  train=0.086152  val=0.082307  gap=-0.003845  time=1590s  energy=0.00Wh  CO2=0.00g
  No improvement. Best val=0.075903

Epoch 40/100  lr=3.49e-03
------------------------------------------------------------
  [epoch 40/100]  batch 10/125  loss=0.094877
  [epoch 40/100]  batch 20/125  loss=0.072643
  [epoch 40/100]  batch 30/125  loss=0.077100
  [epoch 40/100]  batch 40/125  loss=0.083349
  [epoch 40/100]  batch 50/125  loss=0.089856
  [epoch 40/100]  batch 60/125  loss=0.080429
  [epoch 40/100]  batch 70/125  loss=0.087418
  [epoch 40/100]  batch 80/125  loss=0.087294
  [epoch 40/100]  batch 90/125  loss=0.101600
  [epoch 40/100]  batch 100/125  loss=0.095614
Signal is not finite or has very high values after bandpass filtering, returning original data.
Probably the order parameter is too high.
Max value in bandpass augmented data (the augmentation is ignored), (xmax, ymax): 0.6920307713056842 1.1975556039223685
lowcut, highcut, fs, order: 76.35300394422424 3043.142517651581 16000 7
  [epoch 40/100]  batch 110/125  loss=0.074704
  [epoch 40/100]  batch 120/125  loss=0.092594
------------------------------------------------------------
Epoch  40/100  train=0.087068  val=0.080575  gap=-0.006492  time=1600s  energy=0.00Wh  CO2=0.00g
  No improvement. Best val=0.075903
  Checkpoint saved: /gpfs/helios/home/etais/hpc_bilal/nn_proj/runs/full_train/lr5em03_samp2000/crn_h161/checkpoints/checkpoint_epoch40.pt

Epoch 41/100  lr=3.32e-03
------------------------------------------------------------
  [epoch 41/100]  batch 10/125  loss=0.098191
  [epoch 41/100]  batch 20/125  loss=0.085599
  [epoch 41/100]  batch 30/125  loss=0.100837
  [epoch 41/100]  batch 40/125  loss=0.090360
Signal is not finite or has very high values after bandpass filtering, returning original data.
Probably the order parameter is too high.
Max value in bandpass augmented data (the augmentation is ignored), (xmax, ymax): 1.0324422584456272 1.3214558343522997
lowcut, highcut, fs, order: 84.12962079046783 3751.9433339193274 16000 7
  [epoch 41/100]  batch 50/125  loss=0.086983
  [epoch 41/100]  batch 60/125  loss=0.099285
  [epoch 41/100]  batch 70/125  loss=0.074870
  [epoch 41/100]  batch 80/125  loss=0.091865
  [epoch 41/100]  batch 90/125  loss=0.080559
  [epoch 41/100]  batch 100/125  loss=0.090666
  [epoch 41/100]  batch 110/125  loss=0.085257
  [epoch 41/100]  batch 120/125  loss=0.067902
------------------------------------------------------------
Epoch  41/100  train=0.086836  val=0.080210  gap=-0.006626  time=1598s  energy=0.00Wh  CO2=0.00g
  No improvement. Best val=0.075903

Epoch 42/100  lr=3.32e-03
------------------------------------------------------------
  [epoch 42/100]  batch 10/125  loss=0.107343
  [epoch 42/100]  batch 20/125  loss=0.113188
  [epoch 42/100]  batch 30/125  loss=0.095343
  [epoch 42/100]  batch 40/125  loss=0.093021
  [epoch 42/100]  batch 50/125  loss=0.092209
  [epoch 42/100]  batch 60/125  loss=0.112190
  [epoch 42/100]  batch 70/125  loss=0.091837
Signal is not finite or has very high values after bandpass filtering, returning original data.
Probably the order parameter is too high.
Max value in bandpass augmented data (the augmentation is ignored), (xmax, ymax): 0.9225387046675039 1.3220864741290161
lowcut, highcut, fs, order: 69.2995704023152 3564.863538567627 16000 7
  [epoch 42/100]  batch 80/125  loss=0.080057
  [epoch 42/100]  batch 90/125  loss=0.059389
  [epoch 42/100]  batch 100/125  loss=0.082928
  [epoch 42/100]  batch 110/125  loss=0.079228
  [epoch 42/100]  batch 120/125  loss=0.083215
------------------------------------------------------------
Epoch  42/100  train=0.083521  val=0.087117  gap=+0.003595  time=1591s  energy=0.00Wh  CO2=0.00g
  No improvement. Best val=0.075903

Epoch 43/100  lr=3.32e-03
------------------------------------------------------------
  [epoch 43/100]  batch 10/125  loss=0.074691
  [epoch 43/100]  batch 20/125  loss=0.082052
  [epoch 43/100]  batch 30/125  loss=0.088406
  [epoch 43/100]  batch 40/125  loss=0.072295
  [epoch 43/100]  batch 50/125  loss=0.090574
  [epoch 43/100]  batch 60/125  loss=0.085831
  [epoch 43/100]  batch 70/125  loss=0.116222
  [epoch 43/100]  batch 80/125  loss=0.070063
  [epoch 43/100]  batch 90/125  loss=0.072086
  [epoch 43/100]  batch 100/125  loss=0.077822
  [epoch 43/100]  batch 110/125  loss=0.079883
  [epoch 43/100]  batch 120/125  loss=0.111377
------------------------------------------------------------
Epoch  43/100  train=0.087877  val=0.109323  gap=+0.021446  time=1580s  energy=0.00Wh  CO2=0.00g
  No improvement. Best val=0.075903

Epoch 44/100  lr=3.32e-03
------------------------------------------------------------
  [epoch 44/100]  batch 10/125  loss=0.087171
  [epoch 44/100]  batch 20/125  loss=0.071333
  [epoch 44/100]  batch 30/125  loss=0.071872
Signal is not finite or has very high values after bandpass filtering, returning original data.
Probably the order parameter is too high.
Max value in bandpass augmented data (the augmentation is ignored), (xmax, ymax): 0.729392834055193 1.042522490032046
lowcut, highcut, fs, order: 34.43590229706899 3423.3988246961812 16000 7
  [epoch 44/100]  batch 40/125  loss=0.082106
  [epoch 44/100]  batch 50/125  loss=0.073617
  [epoch 44/100]  batch 60/125  loss=0.095955
  [epoch 44/100]  batch 70/125  loss=0.107250
  [epoch 44/100]  batch 80/125  loss=0.076898
  [epoch 44/100]  batch 90/125  loss=0.085584
  [epoch 44/100]  batch 100/125  loss=0.078812
  [epoch 44/100]  batch 110/125  loss=0.104048
  [epoch 44/100]  batch 120/125  loss=0.083711
------------------------------------------------------------
Epoch  44/100  train=0.084431  val=0.091348  gap=+0.006917  time=1592s  energy=0.00Wh  CO2=0.00g
  No improvement. Best val=0.075903

Epoch 45/100  lr=3.32e-03
------------------------------------------------------------
  [epoch 45/100]  batch 10/125  loss=0.092336
  [epoch 45/100]  batch 20/125  loss=0.083153
  [epoch 45/100]  batch 30/125  loss=0.069836
  [epoch 45/100]  batch 40/125  loss=0.075303
  [epoch 45/100]  batch 50/125  loss=0.081438
  [epoch 45/100]  batch 60/125  loss=0.079788
  [epoch 45/100]  batch 70/125  loss=0.087065
  [epoch 45/100]  batch 80/125  loss=0.067293
  [epoch 45/100]  batch 90/125  loss=0.088995
  [epoch 45/100]  batch 100/125  loss=0.091023
  [epoch 45/100]  batch 110/125  loss=0.096381
  [epoch 45/100]  batch 120/125  loss=0.072045
------------------------------------------------------------
Epoch  45/100  train=0.085601  val=0.079931  gap=-0.005670  time=1651s  energy=0.00Wh  CO2=0.00g
  No improvement. Best val=0.075903
  Checkpoint saved: /gpfs/helios/home/etais/hpc_bilal/nn_proj/runs/full_train/lr5em03_samp2000/crn_h161/checkpoints/checkpoint_epoch45.pt

Epoch 46/100  lr=3.15e-03
------------------------------------------------------------
  [epoch 46/100]  batch 10/125  loss=0.110261
  [epoch 46/100]  batch 20/125  loss=0.085362
  [epoch 46/100]  batch 30/125  loss=0.103925
  [epoch 46/100]  batch 40/125  loss=0.076514
  [epoch 46/100]  batch 50/125  loss=0.104945
  [epoch 46/100]  batch 60/125  loss=0.067977
  [epoch 46/100]  batch 70/125  loss=0.075264
  [epoch 46/100]  batch 80/125  loss=0.107440
  [epoch 46/100]  batch 90/125  loss=0.066891
  [epoch 46/100]  batch 100/125  loss=0.089079
  [epoch 46/100]  batch 110/125  loss=0.079499
  [epoch 46/100]  batch 120/125  loss=0.108467
------------------------------------------------------------
Epoch  46/100  train=0.086989  val=0.078860  gap=-0.008129  time=1642s  energy=0.00Wh  CO2=0.00g
  No improvement. Best val=0.075903

Epoch 47/100  lr=3.15e-03
------------------------------------------------------------
  [epoch 47/100]  batch 10/125  loss=0.093734
  [epoch 47/100]  batch 20/125  loss=0.106654
  [epoch 47/100]  batch 30/125  loss=0.072365
  [epoch 47/100]  batch 40/125  loss=0.091097
  [epoch 47/100]  batch 50/125  loss=0.070384
  [epoch 47/100]  batch 60/125  loss=0.097566
  [epoch 47/100]  batch 70/125  loss=0.091672
  [epoch 47/100]  batch 80/125  loss=0.087039
  [epoch 47/100]  batch 90/125  loss=0.072083
  [epoch 47/100]  batch 100/125  loss=0.091565
  [epoch 47/100]  batch 110/125  loss=0.089381
  [epoch 47/100]  batch 120/125  loss=0.091521
------------------------------------------------------------
Epoch  47/100  train=0.086432  val=0.077258  gap=-0.009174  time=1635s  energy=0.00Wh  CO2=0.00g
  No improvement. Best val=0.075903

Epoch 48/100  lr=3.15e-03
------------------------------------------------------------
  [epoch 48/100]  batch 10/125  loss=0.086928
  [epoch 48/100]  batch 20/125  loss=0.076869
  [epoch 48/100]  batch 30/125  loss=0.079203
  [epoch 48/100]  batch 40/125  loss=0.075197
  [epoch 48/100]  batch 50/125  loss=0.101951
  [epoch 48/100]  batch 60/125  loss=0.087274
  [epoch 48/100]  batch 70/125  loss=0.075780
  [epoch 48/100]  batch 80/125  loss=0.074529
  [epoch 48/100]  batch 90/125  loss=0.104048
Signal is not finite or has very high values after bandpass filtering, returning original data.
Probably the order parameter is too high.
Max value in bandpass augmented data (the augmentation is ignored), (xmax, ymax): 0.8246001798504711 1.0591631052459776
lowcut, highcut, fs, order: 28.50139342962729 3392.8082631240222 16000 7
  [epoch 48/100]  batch 100/125  loss=0.086702
  [epoch 48/100]  batch 110/125  loss=0.095078
  [epoch 48/100]  batch 120/125  loss=0.069968
------------------------------------------------------------
Epoch  48/100  train=0.084897  val=0.078855  gap=-0.006042  time=1627s  energy=0.00Wh  CO2=0.00g
  No improvement. Best val=0.075903

Epoch 49/100  lr=3.15e-03
------------------------------------------------------------
  [epoch 49/100]  batch 10/125  loss=0.091039
  [epoch 49/100]  batch 20/125  loss=0.099167
  [epoch 49/100]  batch 30/125  loss=0.084802
  [epoch 49/100]  batch 40/125  loss=0.071541
  [epoch 49/100]  batch 50/125  loss=0.074462
  [epoch 49/100]  batch 60/125  loss=0.067126
  [epoch 49/100]  batch 70/125  loss=0.104328
  [epoch 49/100]  batch 80/125  loss=0.083009
  [epoch 49/100]  batch 90/125  loss=0.081473
  [epoch 49/100]  batch 100/125  loss=0.085912
Signal is not finite or has very high values after bandpass filtering, returning original data.
Probably the order parameter is too high.
Max value in bandpass augmented data (the augmentation is ignored), (xmax, ymax): 0.8538786519251793 1.1116146854484426
lowcut, highcut, fs, order: 97.16256904237352 3500.325412894974 16000 7
  [epoch 49/100]  batch 110/125  loss=0.083321
  [epoch 49/100]  batch 120/125  loss=0.092092
------------------------------------------------------------
Epoch  49/100  train=0.083466  val=0.076958  gap=-0.006507  time=1641s  energy=0.00Wh  CO2=0.00g
  No improvement. Best val=0.075903

Epoch 50/100  lr=3.15e-03
------------------------------------------------------------
  [epoch 50/100]  batch 10/125  loss=0.080317
  [epoch 50/100]  batch 20/125  loss=0.079232
  [epoch 50/100]  batch 30/125  loss=0.068358
  [epoch 50/100]  batch 40/125  loss=0.073707
  [epoch 50/100]  batch 50/125  loss=0.071791
  [epoch 50/100]  batch 60/125  loss=0.073489
  [epoch 50/100]  batch 70/125  loss=0.097984
  [epoch 50/100]  batch 80/125  loss=0.077748
  [epoch 50/100]  batch 90/125  loss=0.082871
  [epoch 50/100]  batch 100/125  loss=0.091411
  [epoch 50/100]  batch 110/125  loss=0.071030
  [epoch 50/100]  batch 120/125  loss=0.075162
------------------------------------------------------------
Epoch  50/100  train=0.082639  val=0.075015  gap=-0.007623  time=1656s  energy=0.00Wh  CO2=0.00g
  ✓ Best model saved (val_loss=0.075015)
  Checkpoint saved: /gpfs/helios/home/etais/hpc_bilal/nn_proj/runs/full_train/lr5em03_samp2000/crn_h161/checkpoints/checkpoint_epoch50.pt

Epoch 51/100  lr=2.99e-03
------------------------------------------------------------
  [epoch 51/100]  batch 10/125  loss=0.092713
  [epoch 51/100]  batch 20/125  loss=0.082415
Signal is not finite or has very high values after bandpass filtering, returning original data.
Probably the order parameter is too high.
Max value in bandpass augmented data (the augmentation is ignored), (xmax, ymax): 0.778624317589959 1.0819723720933911
lowcut, highcut, fs, order: 61.76537872679714 2892.584006956797 16000 7
  [epoch 51/100]  batch 30/125  loss=0.077364
  [epoch 51/100]  batch 40/125  loss=0.098928
  [epoch 51/100]  batch 50/125  loss=0.082318
  [epoch 51/100]  batch 60/125  loss=0.116175
  [epoch 51/100]  batch 70/125  loss=0.079428
  [epoch 51/100]  batch 80/125  loss=0.083427
  [epoch 51/100]  batch 90/125  loss=0.094851
  [epoch 51/100]  batch 100/125  loss=0.082399
  [epoch 51/100]  batch 110/125  loss=0.082156
  [epoch 51/100]  batch 120/125  loss=0.104750
------------------------------------------------------------
Epoch  51/100  train=0.083730  val=0.082019  gap=-0.001711  time=1649s  energy=0.00Wh  CO2=0.00g
  No improvement. Best val=0.075015

Epoch 52/100  lr=2.99e-03
------------------------------------------------------------
  [epoch 52/100]  batch 10/125  loss=0.081814
Signal is not finite or has very high values after bandpass filtering, returning original data.
Probably the order parameter is too high.
Max value in bandpass augmented data (the augmentation is ignored), (xmax, ymax): 1.1145184616690178 1.5560944248344297
lowcut, highcut, fs, order: 82.68387990225214 3718.842920195725 16000 7
  [epoch 52/100]  batch 20/125  loss=0.074106
  [epoch 52/100]  batch 30/125  loss=0.090335
  [epoch 52/100]  batch 40/125  loss=0.076369
  [epoch 52/100]  batch 50/125  loss=0.083076
  [epoch 52/100]  batch 60/125  loss=0.067686
Signal is not finite or has very high values after bandpass filtering, returning original data.
Probably the order parameter is too high.
Max value in bandpass augmented data (the augmentation is ignored), (xmax, ymax): 0.8170910339428469 1.1271004818113024
lowcut, highcut, fs, order: 81.41580103070902 3000.686480748598 16000 7
  [epoch 52/100]  batch 70/125  loss=0.064618
  [epoch 52/100]  batch 80/125  loss=0.089309
  [epoch 52/100]  batch 90/125  loss=0.086132
  [epoch 52/100]  batch 100/125  loss=0.067664
  [epoch 52/100]  batch 110/125  loss=0.087819
  [epoch 52/100]  batch 120/125  loss=0.094829
------------------------------------------------------------
Epoch  52/100  train=0.085773  val=0.077267  gap=-0.008506  time=1652s  energy=0.00Wh  CO2=0.00g
  No improvement. Best val=0.075015

Epoch 53/100  lr=2.99e-03
------------------------------------------------------------
  [epoch 53/100]  batch 10/125  loss=0.111666
  [epoch 53/100]  batch 20/125  loss=0.086002
  [epoch 53/100]  batch 30/125  loss=0.086463
  [epoch 53/100]  batch 40/125  loss=0.091409
Signal is not finite or has very high values after bandpass filtering, returning original data.
Probably the order parameter is too high.
Max value in bandpass augmented data (the augmentation is ignored), (xmax, ymax): 0.6745525287043966 1.3166175362125818
lowcut, highcut, fs, order: 72.21563827491136 3753.8575261760207 16000 7
  [epoch 53/100]  batch 50/125  loss=0.090817
  [epoch 53/100]  batch 60/125  loss=0.076899
  [epoch 53/100]  batch 70/125  loss=0.071172
  [epoch 53/100]  batch 80/125  loss=0.066327
  [epoch 53/100]  batch 90/125  loss=0.068642
  [epoch 53/100]  batch 100/125  loss=0.078449
  [epoch 53/100]  batch 110/125  loss=0.073108
  [epoch 53/100]  batch 120/125  loss=0.072809
------------------------------------------------------------
Epoch  53/100  train=0.083499  val=0.077950  gap=-0.005548  time=1634s  energy=0.00Wh  CO2=0.00g
  No improvement. Best val=0.075015

Epoch 54/100  lr=2.99e-03
------------------------------------------------------------
  [epoch 54/100]  batch 10/125  loss=0.085113
  [epoch 54/100]  batch 20/125  loss=0.091804
  [epoch 54/100]  batch 30/125  loss=0.063838
  [epoch 54/100]  batch 40/125  loss=0.081547
  [epoch 54/100]  batch 50/125  loss=0.085717
  [epoch 54/100]  batch 60/125  loss=0.090444
Signal is not finite or has very high values after bandpass filtering, returning original data.
Probably the order parameter is too high.
Max value in bandpass augmented data (the augmentation is ignored), (xmax, ymax): 0.8348983185724519 1.407549261689946
lowcut, highcut, fs, order: 71.35030163321818 3998.3219713430435 16000 7
  [epoch 54/100]  batch 70/125  loss=0.073728
  [epoch 54/100]  batch 80/125  loss=0.086139
  [epoch 54/100]  batch 90/125  loss=0.078777
  [epoch 54/100]  batch 100/125  loss=0.087423
  [epoch 54/100]  batch 110/125  loss=0.080108
  [epoch 54/100]  batch 120/125  loss=0.087077
------------------------------------------------------------
Epoch  54/100  train=0.082330  val=0.077621  gap=-0.004708  time=1647s  energy=0.00Wh  CO2=0.00g
  No improvement. Best val=0.075015

Epoch 55/100  lr=2.99e-03
------------------------------------------------------------
  [epoch 55/100]  batch 10/125  loss=0.071679
  [epoch 55/100]  batch 20/125  loss=0.083377
  [epoch 55/100]  batch 30/125  loss=0.070591
  [epoch 55/100]  batch 40/125  loss=0.082188
  [epoch 55/100]  batch 50/125  loss=0.075836
Signal is not finite or has very high values after bandpass filtering, returning original data.
Probably the order parameter is too high.
Max value in bandpass augmented data (the augmentation is ignored), (xmax, ymax): 1.0197626015694536 1.4372015310659982
lowcut, highcut, fs, order: 77.58899312213983 3125.0328663029377 16000 7
  [epoch 55/100]  batch 60/125  loss=0.079949
  [epoch 55/100]  batch 70/125  loss=0.092809
  [epoch 55/100]  batch 80/125  loss=0.066295
  [epoch 55/100]  batch 90/125  loss=0.078951
  [epoch 55/100]  batch 100/125  loss=0.061694
  [epoch 55/100]  batch 110/125  loss=0.111341
  [epoch 55/100]  batch 120/125  loss=0.064735
------------------------------------------------------------
Epoch  55/100  train=0.082341  val=0.076934  gap=-0.005407  time=1638s  energy=0.00Wh  CO2=0.00g
  No improvement. Best val=0.075015
  Checkpoint saved: /gpfs/helios/home/etais/hpc_bilal/nn_proj/runs/full_train/lr5em03_samp2000/crn_h161/checkpoints/checkpoint_epoch55.pt

Epoch 56/100  lr=2.84e-03
------------------------------------------------------------
  [epoch 56/100]  batch 10/125  loss=0.073999
  [epoch 56/100]  batch 20/125  loss=0.093062
  [epoch 56/100]  batch 30/125  loss=0.082400
  [epoch 56/100]  batch 40/125  loss=0.070586
  [epoch 56/100]  batch 50/125  loss=0.080540
  [epoch 56/100]  batch 60/125  loss=0.071028
Signal is not finite or has very high values after bandpass filtering, returning original data.
Probably the order parameter is too high.
Max value in bandpass augmented data (the augmentation is ignored), (xmax, ymax): 0.6646005460603415 1.1454295618351782
lowcut, highcut, fs, order: 56.00995224161059 3008.325915843585 16000 7
  [epoch 56/100]  batch 70/125  loss=0.085391
  [epoch 56/100]  batch 80/125  loss=0.080079
  [epoch 56/100]  batch 90/125  loss=0.111668
  [epoch 56/100]  batch 100/125  loss=0.074668
  [epoch 56/100]  batch 110/125  loss=0.074957
  [epoch 56/100]  batch 120/125  loss=0.066654
------------------------------------------------------------
Epoch  56/100  train=0.082232  val=0.076204  gap=-0.006028  time=1639s  energy=0.00Wh  CO2=0.00g
  No improvement. Best val=0.075015

Epoch 57/100  lr=2.84e-03
------------------------------------------------------------
  [epoch 57/100]  batch 10/125  loss=0.075363
  [epoch 57/100]  batch 20/125  loss=0.085398
Signal is not finite or has very high values after bandpass filtering, returning original data.
Probably the order parameter is too high.
Max value in bandpass augmented data (the augmentation is ignored), (xmax, ymax): 0.8152444589045372 1.5237819069716723
lowcut, highcut, fs, order: 65.78735173294618 3226.8299872189714 16000 7
  [epoch 57/100]  batch 30/125  loss=0.081440
  [epoch 57/100]  batch 40/125  loss=0.090657
  [epoch 57/100]  batch 50/125  loss=0.089906
  [epoch 57/100]  batch 60/125  loss=0.093704
  [epoch 57/100]  batch 70/125  loss=0.084337
  [epoch 57/100]  batch 80/125  loss=0.084244
  [epoch 57/100]  batch 90/125  loss=0.078261
  [epoch 57/100]  batch 100/125  loss=0.073747
  [epoch 57/100]  batch 110/125  loss=0.107973
  [epoch 57/100]  batch 120/125  loss=0.078845
------------------------------------------------------------
Epoch  57/100  train=0.081523  val=0.076604  gap=-0.004919  time=1652s  energy=0.00Wh  CO2=0.00g
  No improvement. Best val=0.075015

Epoch 58/100  lr=2.84e-03
------------------------------------------------------------
  [epoch 58/100]  batch 10/125  loss=0.089209
  [epoch 58/100]  batch 20/125  loss=0.090673
  [epoch 58/100]  batch 30/125  loss=0.100123
  [epoch 58/100]  batch 40/125  loss=0.104879
  [epoch 58/100]  batch 50/125  loss=0.086066
  [epoch 58/100]  batch 60/125  loss=0.077142
  [epoch 58/100]  batch 70/125  loss=0.083521
  [epoch 58/100]  batch 80/125  loss=0.084755
  [epoch 58/100]  batch 90/125  loss=0.082062
  [epoch 58/100]  batch 100/125  loss=0.091511
  [epoch 58/100]  batch 110/125  loss=0.079552
  [epoch 58/100]  batch 120/125  loss=0.075744
------------------------------------------------------------
Epoch  58/100  train=0.084434  val=0.074092  gap=-0.010343  time=1642s  energy=0.00Wh  CO2=0.00g
  ✓ Best model saved (val_loss=0.074092)

Epoch 59/100  lr=2.84e-03
------------------------------------------------------------
  [epoch 59/100]  batch 10/125  loss=0.104129
  [epoch 59/100]  batch 20/125  loss=0.103666
  [epoch 59/100]  batch 30/125  loss=0.077688
  [epoch 59/100]  batch 40/125  loss=0.088013
  [epoch 59/100]  batch 50/125  loss=0.083634
  [epoch 59/100]  batch 60/125  loss=0.095190
  [epoch 59/100]  batch 70/125  loss=0.085993
  [epoch 59/100]  batch 80/125  loss=0.089781
  [epoch 59/100]  batch 90/125  loss=0.092574
  [epoch 59/100]  batch 100/125  loss=0.077624
  [epoch 59/100]  batch 110/125  loss=0.098823
  [epoch 59/100]  batch 120/125  loss=0.087877
------------------------------------------------------------
Epoch  59/100  train=0.083465  val=0.076621  gap=-0.006844  time=1666s  energy=0.00Wh  CO2=0.00g
  No improvement. Best val=0.074092

Epoch 60/100  lr=2.84e-03
------------------------------------------------------------
  [epoch 60/100]  batch 10/125  loss=0.088381
  [epoch 60/100]  batch 20/125  loss=0.079721
  [epoch 60/100]  batch 30/125  loss=0.067378
  [epoch 60/100]  batch 40/125  loss=0.099540
  [epoch 60/100]  batch 50/125  loss=0.077534
  [epoch 60/100]  batch 60/125  loss=0.077964
  [epoch 60/100]  batch 70/125  loss=0.077957
  [epoch 60/100]  batch 80/125  loss=0.089989
  [epoch 60/100]  batch 90/125  loss=0.094594
  [epoch 60/100]  batch 100/125  loss=0.080342
  [epoch 60/100]  batch 110/125  loss=0.083841
  [epoch 60/100]  batch 120/125  loss=0.062652
------------------------------------------------------------
Epoch  60/100  train=0.083129  val=0.074662  gap=-0.008467  time=1656s  energy=0.00Wh  CO2=0.00g
  No improvement. Best val=0.074092
  Checkpoint saved: /gpfs/helios/home/etais/hpc_bilal/nn_proj/runs/full_train/lr5em03_samp2000/crn_h161/checkpoints/checkpoint_epoch60.pt

Epoch 61/100  lr=2.70e-03
------------------------------------------------------------
  [epoch 61/100]  batch 10/125  loss=0.075941
  [epoch 61/100]  batch 20/125  loss=0.064175
  [epoch 61/100]  batch 30/125  loss=0.092630
  [epoch 61/100]  batch 40/125  loss=0.072499
  [epoch 61/100]  batch 50/125  loss=0.073155
  [epoch 61/100]  batch 60/125  loss=0.070549
  [epoch 61/100]  batch 70/125  loss=0.085192
  [epoch 61/100]  batch 80/125  loss=0.078301
  [epoch 61/100]  batch 90/125  loss=0.069387
  [epoch 61/100]  batch 100/125  loss=0.077089
  [epoch 61/100]  batch 110/125  loss=0.091575
  [epoch 61/100]  batch 120/125  loss=0.109190
------------------------------------------------------------
Epoch  61/100  train=0.080923  val=0.075158  gap=-0.005765  time=1641s  energy=0.00Wh  CO2=0.00g
  No improvement. Best val=0.074092

Epoch 62/100  lr=2.70e-03
------------------------------------------------------------
  [epoch 62/100]  batch 10/125  loss=0.088031
  [epoch 62/100]  batch 20/125  loss=0.082579
  [epoch 62/100]  batch 30/125  loss=0.081721
  [epoch 62/100]  batch 40/125  loss=0.063601
  [epoch 62/100]  batch 50/125  loss=0.088866
  [epoch 62/100]  batch 60/125  loss=0.076025
  [epoch 62/100]  batch 70/125  loss=0.104223
  [epoch 62/100]  batch 80/125  loss=0.072390
  [epoch 62/100]  batch 90/125  loss=0.058297
  [epoch 62/100]  batch 100/125  loss=0.073852
  [epoch 62/100]  batch 110/125  loss=0.103045
  [epoch 62/100]  batch 120/125  loss=0.082535
------------------------------------------------------------
Epoch  62/100  train=0.079284  val=0.075652  gap=-0.003631  time=1646s  energy=0.00Wh  CO2=0.00g
  No improvement. Best val=0.074092

Epoch 63/100  lr=2.70e-03
------------------------------------------------------------
  [epoch 63/100]  batch 10/125  loss=0.056647
  [epoch 63/100]  batch 20/125  loss=0.073411
  [epoch 63/100]  batch 30/125  loss=0.074588
  [epoch 63/100]  batch 40/125  loss=0.063132
  [epoch 63/100]  batch 50/125  loss=0.077181
  [epoch 63/100]  batch 60/125  loss=0.066897
  [epoch 63/100]  batch 70/125  loss=0.076407
  [epoch 63/100]  batch 80/125  loss=0.082135
  [epoch 63/100]  batch 90/125  loss=0.069125
  [epoch 63/100]  batch 100/125  loss=0.059084
  [epoch 63/100]  batch 110/125  loss=0.101683
  [epoch 63/100]  batch 120/125  loss=0.065119
------------------------------------------------------------
Epoch  63/100  train=0.080071  val=0.085559  gap=+0.005488  time=1619s  energy=0.00Wh  CO2=0.00g
  No improvement. Best val=0.074092

Epoch 64/100  lr=2.70e-03
------------------------------------------------------------
  [epoch 64/100]  batch 10/125  loss=0.074185
  [epoch 64/100]  batch 20/125  loss=0.076295
  [epoch 64/100]  batch 30/125  loss=0.076039
  [epoch 64/100]  batch 40/125  loss=0.085206
  [epoch 64/100]  batch 50/125  loss=0.075187
  [epoch 64/100]  batch 60/125  loss=0.073653
  [epoch 64/100]  batch 70/125  loss=0.066011
  [epoch 64/100]  batch 80/125  loss=0.100962
  [epoch 64/100]  batch 90/125  loss=0.086058
  [epoch 64/100]  batch 100/125  loss=0.071075
  [epoch 64/100]  batch 110/125  loss=0.069813
  [epoch 64/100]  batch 120/125  loss=0.077538
------------------------------------------------------------
Epoch  64/100  train=0.080134  val=0.073885  gap=-0.006249  time=1615s  energy=0.00Wh  CO2=0.00g
  ✓ Best model saved (val_loss=0.073885)

Epoch 65/100  lr=2.70e-03
------------------------------------------------------------
  [epoch 65/100]  batch 10/125  loss=0.082365
  [epoch 65/100]  batch 20/125  loss=0.073234
  [epoch 65/100]  batch 30/125  loss=0.077821
  [epoch 65/100]  batch 40/125  loss=0.083212
  [epoch 65/100]  batch 50/125  loss=0.082081
  [epoch 65/100]  batch 60/125  loss=0.105757
  [epoch 65/100]  batch 70/125  loss=0.072304
  [epoch 65/100]  batch 80/125  loss=0.066172
  [epoch 65/100]  batch 90/125  loss=0.070654
  [epoch 65/100]  batch 100/125  loss=0.081427
  [epoch 65/100]  batch 110/125  loss=0.086932
  [epoch 65/100]  batch 120/125  loss=0.087820
------------------------------------------------------------
Epoch  65/100  train=0.078626  val=0.072062  gap=-0.006564  time=1671s  energy=0.00Wh  CO2=0.00g
  ✓ Best model saved (val_loss=0.072062)
  Checkpoint saved: /gpfs/helios/home/etais/hpc_bilal/nn_proj/runs/full_train/lr5em03_samp2000/crn_h161/checkpoints/checkpoint_epoch65.pt

Epoch 66/100  lr=2.57e-03
------------------------------------------------------------
  [epoch 66/100]  batch 10/125  loss=0.074718
  [epoch 66/100]  batch 20/125  loss=0.072248
  [epoch 66/100]  batch 30/125  loss=0.098949
  [epoch 66/100]  batch 40/125  loss=0.093531
  [epoch 66/100]  batch 50/125  loss=0.097442
Signal is not finite or has very high values after bandpass filtering, returning original data.
Probably the order parameter is too high.
Max value in bandpass augmented data (the augmentation is ignored), (xmax, ymax): 1.2075271307062223 1.6148116378074526
lowcut, highcut, fs, order: 82.71374133904723 3985.5021303732206 16000 7
  [epoch 66/100]  batch 60/125  loss=0.071253
  [epoch 66/100]  batch 70/125  loss=0.104075
  [epoch 66/100]  batch 80/125  loss=0.077866
  [epoch 66/100]  batch 90/125  loss=0.067046
  [epoch 66/100]  batch 100/125  loss=0.074469
  [epoch 66/100]  batch 110/125  loss=0.079059
  [epoch 66/100]  batch 120/125  loss=0.068173
------------------------------------------------------------
Epoch  66/100  train=0.077014  val=0.076896  gap=-0.000118  time=1686s  energy=0.00Wh  CO2=0.00g
  No improvement. Best val=0.072062

Epoch 67/100  lr=2.57e-03
------------------------------------------------------------
  [epoch 67/100]  batch 10/125  loss=0.067106
  [epoch 67/100]  batch 20/125  loss=0.079430
  [epoch 67/100]  batch 30/125  loss=0.067425
  [epoch 67/100]  batch 40/125  loss=0.082565
  [epoch 67/100]  batch 50/125  loss=0.078603
  [epoch 67/100]  batch 60/125  loss=0.089065
  [epoch 67/100]  batch 70/125  loss=0.076874
  [epoch 67/100]  batch 80/125  loss=0.096660
  [epoch 67/100]  batch 90/125  loss=0.073429
  [epoch 67/100]  batch 100/125  loss=0.089592
  [epoch 67/100]  batch 110/125  loss=0.069137
  [epoch 67/100]  batch 120/125  loss=0.071123
------------------------------------------------------------
Epoch  67/100  train=0.079468  val=0.079515  gap=+0.000047  time=1686s  energy=0.00Wh  CO2=0.00g
  No improvement. Best val=0.072062

Epoch 68/100  lr=2.57e-03
------------------------------------------------------------
  [epoch 68/100]  batch 10/125  loss=0.070631
  [epoch 68/100]  batch 20/125  loss=0.082906
  [epoch 68/100]  batch 30/125  loss=0.083303
  [epoch 68/100]  batch 40/125  loss=0.093893
  [epoch 68/100]  batch 50/125  loss=0.088111
  [epoch 68/100]  batch 60/125  loss=0.123868
  [epoch 68/100]  batch 70/125  loss=0.073109
  [epoch 68/100]  batch 80/125  loss=0.082329
  [epoch 68/100]  batch 90/125  loss=0.071943
  [epoch 68/100]  batch 100/125  loss=0.064354
  [epoch 68/100]  batch 110/125  loss=0.064613
  [epoch 68/100]  batch 120/125  loss=0.080708
------------------------------------------------------------
Epoch  68/100  train=0.080263  val=0.073473  gap=-0.006790  time=1674s  energy=0.00Wh  CO2=0.00g
  No improvement. Best val=0.072062

Epoch 69/100  lr=2.57e-03
------------------------------------------------------------
  [epoch 69/100]  batch 10/125  loss=0.086470
  [epoch 69/100]  batch 20/125  loss=0.069633
  [epoch 69/100]  batch 30/125  loss=0.085137
  [epoch 69/100]  batch 40/125  loss=0.088765
  [epoch 69/100]  batch 50/125  loss=0.088574
  [epoch 69/100]  batch 60/125  loss=0.079657
  [epoch 69/100]  batch 70/125  loss=0.075271
  [epoch 69/100]  batch 80/125  loss=0.085561
  [epoch 69/100]  batch 90/125  loss=0.086722
  [epoch 69/100]  batch 100/125  loss=0.078831
  [epoch 69/100]  batch 110/125  loss=0.083518
  [epoch 69/100]  batch 120/125  loss=0.089706
------------------------------------------------------------
Epoch  69/100  train=0.080428  val=0.073636  gap=-0.006792  time=1676s  energy=0.00Wh  CO2=0.00g
  No improvement. Best val=0.072062

Epoch 70/100  lr=2.57e-03
------------------------------------------------------------
  [epoch 70/100]  batch 10/125  loss=0.076156
  [epoch 70/100]  batch 20/125  loss=0.077409
  [epoch 70/100]  batch 30/125  loss=0.084851
  [epoch 70/100]  batch 40/125  loss=0.096726
  [epoch 70/100]  batch 50/125  loss=0.082869
  [epoch 70/100]  batch 60/125  loss=0.075040
  [epoch 70/100]  batch 70/125  loss=0.092837
  [epoch 70/100]  batch 80/125  loss=0.091804
  [epoch 70/100]  batch 90/125  loss=0.076432
  [epoch 70/100]  batch 100/125  loss=0.071347
  [epoch 70/100]  batch 110/125  loss=0.099634
  [epoch 70/100]  batch 120/125  loss=0.075481
------------------------------------------------------------
Epoch  70/100  train=0.079545  val=0.074242  gap=-0.005303  time=1643s  energy=0.00Wh  CO2=0.00g
  No improvement. Best val=0.072062
  Checkpoint saved: /gpfs/helios/home/etais/hpc_bilal/nn_proj/runs/full_train/lr5em03_samp2000/crn_h161/checkpoints/checkpoint_epoch70.pt

Epoch 71/100  lr=2.44e-03
------------------------------------------------------------
Signal is not finite or has very high values after bandpass filtering, returning original data.
Probably the order parameter is too high.
Max value in bandpass augmented data (the augmentation is ignored), (xmax, ymax): 1.5764584039705078 2.40678157517583
lowcut, highcut, fs, order: 33.77192175897055 3939.9537581404393 16000 7
  [epoch 71/100]  batch 10/125  loss=0.070926
  [epoch 71/100]  batch 20/125  loss=0.069973
  [epoch 71/100]  batch 30/125  loss=0.070718
  [epoch 71/100]  batch 40/125  loss=0.072497
  [epoch 71/100]  batch 50/125  loss=0.077044
  [epoch 71/100]  batch 60/125  loss=0.064580
  [epoch 71/100]  batch 70/125  loss=0.088205
  [epoch 71/100]  batch 80/125  loss=0.094753
  [epoch 71/100]  batch 90/125  loss=0.075381
  [epoch 71/100]  batch 100/125  loss=0.082271
  [epoch 71/100]  batch 110/125  loss=0.072214
  [epoch 71/100]  batch 120/125  loss=0.068619
------------------------------------------------------------
Epoch  71/100  train=0.078016  val=0.074978  gap=-0.003038  time=1656s  energy=0.00Wh  CO2=0.00g
  No improvement. Best val=0.072062

Epoch 72/100  lr=2.44e-03
------------------------------------------------------------
  [epoch 72/100]  batch 10/125  loss=0.079116
  [epoch 72/100]  batch 20/125  loss=0.074012
  [epoch 72/100]  batch 30/125  loss=0.089296
  [epoch 72/100]  batch 40/125  loss=0.078068
  [epoch 72/100]  batch 50/125  loss=0.092232
  [epoch 72/100]  batch 60/125  loss=0.093412
  [epoch 72/100]  batch 70/125  loss=0.069052
  [epoch 72/100]  batch 80/125  loss=0.077435
  [epoch 72/100]  batch 90/125  loss=0.085616
  [epoch 72/100]  batch 100/125  loss=0.095367
  [epoch 72/100]  batch 110/125  loss=0.089516
  [epoch 72/100]  batch 120/125  loss=0.103190
------------------------------------------------------------
Epoch  72/100  train=0.080413  val=0.077711  gap=-0.002702  time=1671s  energy=0.00Wh  CO2=0.00g
  No improvement. Best val=0.072062

Epoch 73/100  lr=2.44e-03
------------------------------------------------------------
  [epoch 73/100]  batch 10/125  loss=0.064907
  [epoch 73/100]  batch 20/125  loss=0.095718
  [epoch 73/100]  batch 30/125  loss=0.070708
  [epoch 73/100]  batch 40/125  loss=0.098663
  [epoch 73/100]  batch 50/125  loss=0.078430
  [epoch 73/100]  batch 60/125  loss=0.087041
  [epoch 73/100]  batch 70/125  loss=0.078967
  [epoch 73/100]  batch 80/125  loss=0.069166
  [epoch 73/100]  batch 90/125  loss=0.062875
  [epoch 73/100]  batch 100/125  loss=0.092224
  [epoch 73/100]  batch 110/125  loss=0.073416
  [epoch 73/100]  batch 120/125  loss=0.103973
------------------------------------------------------------
Epoch  73/100  train=0.079954  val=0.076012  gap=-0.003942  time=1683s  energy=0.00Wh  CO2=0.00g
  No improvement. Best val=0.072062

Epoch 74/100  lr=2.44e-03
------------------------------------------------------------
  [epoch 74/100]  batch 10/125  loss=0.076587
  [epoch 74/100]  batch 20/125  loss=0.065311
  [epoch 74/100]  batch 30/125  loss=0.080740
  [epoch 74/100]  batch 40/125  loss=0.075196
  [epoch 74/100]  batch 50/125  loss=0.078575
  [epoch 74/100]  batch 60/125  loss=0.086834
  [epoch 74/100]  batch 70/125  loss=0.068413
  [epoch 74/100]  batch 80/125  loss=0.087161
  [epoch 74/100]  batch 90/125  loss=0.070102
  [epoch 74/100]  batch 100/125  loss=0.082163
  [epoch 74/100]  batch 110/125  loss=0.079097
  [epoch 74/100]  batch 120/125  loss=0.067040
------------------------------------------------------------
Epoch  74/100  train=0.076065  val=0.071590  gap=-0.004475  time=1670s  energy=0.00Wh  CO2=0.00g
  ✓ Best model saved (val_loss=0.071590)

Epoch 75/100  lr=2.44e-03
------------------------------------------------------------
  [epoch 75/100]  batch 10/125  loss=0.074832
  [epoch 75/100]  batch 20/125  loss=0.083019
  [epoch 75/100]  batch 30/125  loss=0.073601
  [epoch 75/100]  batch 40/125  loss=0.088771
  [epoch 75/100]  batch 50/125  loss=0.100056
  [epoch 75/100]  batch 60/125  loss=0.081805
  [epoch 75/100]  batch 70/125  loss=0.065906
  [epoch 75/100]  batch 80/125  loss=0.079597
  [epoch 75/100]  batch 90/125  loss=0.085769
  [epoch 75/100]  batch 100/125  loss=0.100060
Signal is not finite or has very high values after bandpass filtering, returning original data.
Probably the order parameter is too high.
Max value in bandpass augmented data (the augmentation is ignored), (xmax, ymax): 1.1694169049361278 1.4799589552486294
lowcut, highcut, fs, order: 56.62247535531328 2248.202532708428 16000 7
  [epoch 75/100]  batch 110/125  loss=0.071138
  [epoch 75/100]  batch 120/125  loss=0.078862
------------------------------------------------------------
Epoch  75/100  train=0.079739  val=0.072532  gap=-0.007207  time=1645s  energy=0.00Wh  CO2=0.00g
  No improvement. Best val=0.071590
  Checkpoint saved: /gpfs/helios/home/etais/hpc_bilal/nn_proj/runs/full_train/lr5em03_samp2000/crn_h161/checkpoints/checkpoint_epoch75.pt

Epoch 76/100  lr=2.32e-03
------------------------------------------------------------
  [epoch 76/100]  batch 10/125  loss=0.080860
  [epoch 76/100]  batch 20/125  loss=0.058616
  [epoch 76/100]  batch 30/125  loss=0.078073
Signal is not finite or has very high values after bandpass filtering, returning original data.
Probably the order parameter is too high.
Max value in bandpass augmented data (the augmentation is ignored), (xmax, ymax): 0.7438635799001861 1.0109607705148989
lowcut, highcut, fs, order: 55.04510696868471 2948.6433468749933 16000 7
  [epoch 76/100]  batch 40/125  loss=0.065131
  [epoch 76/100]  batch 50/125  loss=0.071748
  [epoch 76/100]  batch 60/125  loss=0.071805
  [epoch 76/100]  batch 70/125  loss=0.079839
  [epoch 76/100]  batch 80/125  loss=0.090086
  [epoch 76/100]  batch 90/125  loss=0.065998
  [epoch 76/100]  batch 100/125  loss=0.085891
  [epoch 76/100]  batch 110/125  loss=0.074752
  [epoch 76/100]  batch 120/125  loss=0.070600
------------------------------------------------------------
Epoch  76/100  train=0.077191  val=0.082591  gap=+0.005400  time=1630s  energy=0.00Wh  CO2=0.00g
  No improvement. Best val=0.071590

Epoch 77/100  lr=2.32e-03
------------------------------------------------------------
  [epoch 77/100]  batch 10/125  loss=0.071252
  [epoch 77/100]  batch 20/125  loss=0.072396
  [epoch 77/100]  batch 30/125  loss=0.086922
  [epoch 77/100]  batch 40/125  loss=0.091694
  [epoch 77/100]  batch 50/125  loss=0.077127
  [epoch 77/100]  batch 60/125  loss=0.068958
  [epoch 77/100]  batch 70/125  loss=0.080408
  [epoch 77/100]  batch 80/125  loss=0.074558
  [epoch 77/100]  batch 90/125  loss=0.074304
  [epoch 77/100]  batch 100/125  loss=0.083240
  [epoch 77/100]  batch 110/125  loss=0.059005
  [epoch 77/100]  batch 120/125  loss=0.071319
------------------------------------------------------------
Epoch  77/100  train=0.077851  val=0.075773  gap=-0.002078  time=1625s  energy=0.00Wh  CO2=0.00g
  No improvement. Best val=0.071590

Epoch 78/100  lr=2.32e-03
------------------------------------------------------------
  [epoch 78/100]  batch 10/125  loss=0.092570
  [epoch 78/100]  batch 20/125  loss=0.062342
  [epoch 78/100]  batch 30/125  loss=0.073310
  [epoch 78/100]  batch 40/125  loss=0.067320
  [epoch 78/100]  batch 50/125  loss=0.067221
  [epoch 78/100]  batch 60/125  loss=0.074382
  [epoch 78/100]  batch 70/125  loss=0.080577
  [epoch 78/100]  batch 80/125  loss=0.059840
  [epoch 78/100]  batch 90/125  loss=0.095583
  [epoch 78/100]  batch 100/125  loss=0.086328
  [epoch 78/100]  batch 110/125  loss=0.090145
  [epoch 78/100]  batch 120/125  loss=0.062652
------------------------------------------------------------
Epoch  78/100  train=0.079739  val=0.079919  gap=+0.000180  time=1658s  energy=0.00Wh  CO2=0.00g
  No improvement. Best val=0.071590

Epoch 79/100  lr=2.32e-03
------------------------------------------------------------
Signal is not finite or has very high values after bandpass filtering, returning original data.
Probably the order parameter is too high.
Max value in bandpass augmented data (the augmentation is ignored), (xmax, ymax): 0.9062874132138102 1.3147533714498398
lowcut, highcut, fs, order: 64.77569162452887 3747.6860289537262 16000 7
  [epoch 79/100]  batch 10/125  loss=0.108714
  [epoch 79/100]  batch 20/125  loss=0.083664
  [epoch 79/100]  batch 30/125  loss=0.063655
  [epoch 79/100]  batch 40/125  loss=0.088767
  [epoch 79/100]  batch 50/125  loss=0.096411
  [epoch 79/100]  batch 60/125  loss=0.081475
  [epoch 79/100]  batch 70/125  loss=0.076313
  [epoch 79/100]  batch 80/125  loss=0.065976
  [epoch 79/100]  batch 90/125  loss=0.077352
  [epoch 79/100]  batch 100/125  loss=0.066140
  [epoch 79/100]  batch 110/125  loss=0.065508
  [epoch 79/100]  batch 120/125  loss=0.082708
------------------------------------------------------------
Epoch  79/100  train=0.078883  val=0.073768  gap=-0.005115  time=1702s  energy=0.00Wh  CO2=0.00g
  No improvement. Best val=0.071590

Epoch 80/100  lr=2.32e-03
------------------------------------------------------------
  [epoch 80/100]  batch 10/125  loss=0.081131
  [epoch 80/100]  batch 20/125  loss=0.069643
  [epoch 80/100]  batch 30/125  loss=0.073322
  [epoch 80/100]  batch 40/125  loss=0.078067
  [epoch 80/100]  batch 50/125  loss=0.078666
  [epoch 80/100]  batch 60/125  loss=0.069902
  [epoch 80/100]  batch 70/125  loss=0.076318
  [epoch 80/100]  batch 80/125  loss=0.072200
  [epoch 80/100]  batch 90/125  loss=0.056196
  [epoch 80/100]  batch 100/125  loss=0.077802
  [epoch 80/100]  batch 110/125  loss=0.082365
  [epoch 80/100]  batch 120/125  loss=0.090269
------------------------------------------------------------
Epoch  80/100  train=0.077900  val=0.074046  gap=-0.003853  time=1648s  energy=0.00Wh  CO2=0.00g
  No improvement. Best val=0.071590
  Checkpoint saved: /gpfs/helios/home/etais/hpc_bilal/nn_proj/runs/full_train/lr5em03_samp2000/crn_h161/checkpoints/checkpoint_epoch80.pt

Epoch 81/100  lr=2.20e-03
------------------------------------------------------------
  [epoch 81/100]  batch 10/125  loss=0.072063
  [epoch 81/100]  batch 20/125  loss=0.084255
  [epoch 81/100]  batch 30/125  loss=0.088454
  [epoch 81/100]  batch 40/125  loss=0.064364
  [epoch 81/100]  batch 50/125  loss=0.075318
  [epoch 81/100]  batch 60/125  loss=0.069864
  [epoch 81/100]  batch 70/125  loss=0.080340
  [epoch 81/100]  batch 80/125  loss=0.069013
  [epoch 81/100]  batch 90/125  loss=0.068457
  [epoch 81/100]  batch 100/125  loss=0.080313
  [epoch 81/100]  batch 110/125  loss=0.078686
  [epoch 81/100]  batch 120/125  loss=0.098739
------------------------------------------------------------
Epoch  81/100  train=0.075884  val=0.076741  gap=+0.000857  time=1650s  energy=0.00Wh  CO2=0.00g
  No improvement. Best val=0.071590

Epoch 82/100  lr=2.20e-03
------------------------------------------------------------
  [epoch 82/100]  batch 10/125  loss=0.087826
  [epoch 82/100]  batch 20/125  loss=0.076938
  [epoch 82/100]  batch 30/125  loss=0.084873
  [epoch 82/100]  batch 40/125  loss=0.066131
  [epoch 82/100]  batch 50/125  loss=0.073637
  [epoch 82/100]  batch 60/125  loss=0.079531
  [epoch 82/100]  batch 70/125  loss=0.085990
  [epoch 82/100]  batch 80/125  loss=0.085147
  [epoch 82/100]  batch 90/125  loss=0.068154
  [epoch 82/100]  batch 100/125  loss=0.068356
  [epoch 82/100]  batch 110/125  loss=0.066249
  [epoch 82/100]  batch 120/125  loss=0.081339
------------------------------------------------------------
Epoch  82/100  train=0.075659  val=0.075358  gap=-0.000301  time=1645s  energy=0.00Wh  CO2=0.00g
  No improvement. Best val=0.071590

Epoch 83/100  lr=2.20e-03
------------------------------------------------------------
  [epoch 83/100]  batch 10/125  loss=0.070086
  [epoch 83/100]  batch 20/125  loss=0.081152
  [epoch 83/100]  batch 30/125  loss=0.087808
  [epoch 83/100]  batch 40/125  loss=0.062144
  [epoch 83/100]  batch 50/125  loss=0.076461
  [epoch 83/100]  batch 60/125  loss=0.057457
  [epoch 83/100]  batch 70/125  loss=0.059299
  [epoch 83/100]  batch 80/125  loss=0.070322
  [epoch 83/100]  batch 90/125  loss=0.063163
  [epoch 83/100]  batch 100/125  loss=0.081565
  [epoch 83/100]  batch 110/125  loss=0.088754
  [epoch 83/100]  batch 120/125  loss=0.084945
------------------------------------------------------------
Epoch  83/100  train=0.077062  val=0.074343  gap=-0.002718  time=1638s  energy=0.00Wh  CO2=0.00g
  No improvement. Best val=0.071590

Epoch 84/100  lr=2.20e-03
------------------------------------------------------------
  [epoch 84/100]  batch 10/125  loss=0.075870
Signal is not finite or has very high values after bandpass filtering, returning original data.
Probably the order parameter is too high.
Max value in bandpass augmented data (the augmentation is ignored), (xmax, ymax): 0.8321496205934111 1.1738759351491614
lowcut, highcut, fs, order: 55.83055549352029 3681.1168038158166 16000 7
  [epoch 84/100]  batch 20/125  loss=0.093181
  [epoch 84/100]  batch 30/125  loss=0.072638
  [epoch 84/100]  batch 40/125  loss=0.070423
  [epoch 84/100]  batch 50/125  loss=0.073108
  [epoch 84/100]  batch 60/125  loss=0.075200
  [epoch 84/100]  batch 70/125  loss=0.063299
  [epoch 84/100]  batch 80/125  loss=0.076287
  [epoch 84/100]  batch 90/125  loss=0.062023
  [epoch 84/100]  batch 100/125  loss=0.070186
  [epoch 84/100]  batch 110/125  loss=0.063201
  [epoch 84/100]  batch 120/125  loss=0.063229
------------------------------------------------------------
Epoch  84/100  train=0.075614  val=0.073485  gap=-0.002129  time=1633s  energy=0.00Wh  CO2=0.00g
  No improvement. Best val=0.071590

Epoch 85/100  lr=2.20e-03
------------------------------------------------------------
  [epoch 85/100]  batch 10/125  loss=0.066349
  [epoch 85/100]  batch 20/125  loss=0.081519
  [epoch 85/100]  batch 30/125  loss=0.088260
  [epoch 85/100]  batch 40/125  loss=0.070028
  [epoch 85/100]  batch 50/125  loss=0.074233
  [epoch 85/100]  batch 60/125  loss=0.091348
  [epoch 85/100]  batch 70/125  loss=0.063819
  [epoch 85/100]  batch 80/125  loss=0.066320
  [epoch 85/100]  batch 90/125  loss=0.083731
  [epoch 85/100]  batch 100/125  loss=0.054640
  [epoch 85/100]  batch 110/125  loss=0.096589
  [epoch 85/100]  batch 120/125  loss=0.072827
------------------------------------------------------------
Epoch  85/100  train=0.076598  val=0.072360  gap=-0.004239  time=1626s  energy=0.00Wh  CO2=0.00g
  No improvement. Best val=0.071590
  Checkpoint saved: /gpfs/helios/home/etais/hpc_bilal/nn_proj/runs/full_train/lr5em03_samp2000/crn_h161/checkpoints/checkpoint_epoch85.pt

Epoch 86/100  lr=2.09e-03
------------------------------------------------------------
  [epoch 86/100]  batch 10/125  loss=0.072201
  [epoch 86/100]  batch 20/125  loss=0.081415
  [epoch 86/100]  batch 30/125  loss=0.100920
  [epoch 86/100]  batch 40/125  loss=0.061995
  [epoch 86/100]  batch 50/125  loss=0.075434
  [epoch 86/100]  batch 60/125  loss=0.073743
  [epoch 86/100]  batch 70/125  loss=0.071860
  [epoch 86/100]  batch 80/125  loss=0.059650
  [epoch 86/100]  batch 90/125  loss=0.075537
  [epoch 86/100]  batch 100/125  loss=0.068670
  [epoch 86/100]  batch 110/125  loss=0.074122
  [epoch 86/100]  batch 120/125  loss=0.076190
------------------------------------------------------------
Epoch  86/100  train=0.076817  val=0.084684  gap=+0.007867  time=1622s  energy=0.00Wh  CO2=0.00g
  No improvement. Best val=0.071590

Epoch 87/100  lr=2.09e-03
------------------------------------------------------------
  [epoch 87/100]  batch 10/125  loss=0.070004
  [epoch 87/100]  batch 20/125  loss=0.062532
  [epoch 87/100]  batch 30/125  loss=0.070190
  [epoch 87/100]  batch 40/125  loss=0.076814
  [epoch 87/100]  batch 50/125  loss=0.083466
  [epoch 87/100]  batch 60/125  loss=0.092646
  [epoch 87/100]  batch 70/125  loss=0.071181
  [epoch 87/100]  batch 80/125  loss=0.080777
  [epoch 87/100]  batch 90/125  loss=0.083881
  [epoch 87/100]  batch 100/125  loss=0.083081
  [epoch 87/100]  batch 110/125  loss=0.075392
  [epoch 87/100]  batch 120/125  loss=0.074857
------------------------------------------------------------
Epoch  87/100  train=0.076032  val=0.081682  gap=+0.005650  time=1624s  energy=0.00Wh  CO2=0.00g
  No improvement. Best val=0.071590

Epoch 88/100  lr=2.09e-03
------------------------------------------------------------
  [epoch 88/100]  batch 10/125  loss=0.082477
  [epoch 88/100]  batch 20/125  loss=0.067439
  [epoch 88/100]  batch 30/125  loss=0.077535
  [epoch 88/100]  batch 40/125  loss=0.068338
  [epoch 88/100]  batch 50/125  loss=0.060738
  [epoch 88/100]  batch 60/125  loss=0.071341
  [epoch 88/100]  batch 70/125  loss=0.083779
  [epoch 88/100]  batch 80/125  loss=0.065081
  [epoch 88/100]  batch 90/125  loss=0.068776
  [epoch 88/100]  batch 100/125  loss=0.097370
  [epoch 88/100]  batch 110/125  loss=0.077766
Signal is not finite or has very high values after bandpass filtering, returning original data.
Probably the order parameter is too high.
Max value in bandpass augmented data (the augmentation is ignored), (xmax, ymax): 0.6348999768300888 1.0397258423259361
lowcut, highcut, fs, order: 75.86886602907933 3394.4456077760597 16000 7
  [epoch 88/100]  batch 120/125  loss=0.076736
------------------------------------------------------------
Epoch  88/100  train=0.077278  val=0.076637  gap=-0.000642  time=1620s  energy=0.00Wh  CO2=0.00g
  No improvement. Best val=0.071590

Epoch 89/100  lr=2.09e-03
------------------------------------------------------------
  [epoch 89/100]  batch 10/125  loss=0.083447
  [epoch 89/100]  batch 20/125  loss=0.090567
  [epoch 89/100]  batch 30/125  loss=0.083521
  [epoch 89/100]  batch 40/125  loss=0.070419
  [epoch 89/100]  batch 50/125  loss=0.096572
  [epoch 89/100]  batch 60/125  loss=0.085629
  [epoch 89/100]  batch 70/125  loss=0.082392
Signal is not finite or has very high values after bandpass filtering, returning original data.
Probably the order parameter is too high.
Max value in bandpass augmented data (the augmentation is ignored), (xmax, ymax): 0.8060552669808608 1.0972606125683004
lowcut, highcut, fs, order: 67.72545984339109 3169.464446346514 16000 7
  [epoch 89/100]  batch 80/125  loss=0.076117
  [epoch 89/100]  batch 90/125  loss=0.093307
  [epoch 89/100]  batch 100/125  loss=0.095729
  [epoch 89/100]  batch 110/125  loss=0.076826
  [epoch 89/100]  batch 120/125  loss=0.094833
------------------------------------------------------------
Epoch  89/100  train=0.077412  val=0.074759  gap=-0.002653  time=1628s  energy=0.00Wh  CO2=0.00g
  No improvement. Best val=0.071590

Epoch 90/100  lr=2.09e-03
------------------------------------------------------------
  [epoch 90/100]  batch 10/125  loss=0.070296
  [epoch 90/100]  batch 20/125  loss=0.078463
  [epoch 90/100]  batch 30/125  loss=0.067438
  [epoch 90/100]  batch 40/125  loss=0.088165
  [epoch 90/100]  batch 50/125  loss=0.099761
  [epoch 90/100]  batch 60/125  loss=0.066357
  [epoch 90/100]  batch 70/125  loss=0.089069
  [epoch 90/100]  batch 80/125  loss=0.078079
  [epoch 90/100]  batch 90/125  loss=0.089250
  [epoch 90/100]  batch 100/125  loss=0.097840
  [epoch 90/100]  batch 110/125  loss=0.063535
Signal is not finite or has very high values after bandpass filtering, returning original data.
Probably the order parameter is too high.
Max value in bandpass augmented data (the augmentation is ignored), (xmax, ymax): 0.7791441311404967 1.035103909744344
lowcut, highcut, fs, order: 41.50993459006649 3049.4886664077976 16000 7
  [epoch 90/100]  batch 120/125  loss=0.071265
------------------------------------------------------------
Epoch  90/100  train=0.075957  val=0.073615  gap=-0.002342  time=1664s  energy=0.00Wh  CO2=0.00g
  No improvement. Best val=0.071590
  Checkpoint saved: /gpfs/helios/home/etais/hpc_bilal/nn_proj/runs/full_train/lr5em03_samp2000/crn_h161/checkpoints/checkpoint_epoch90.pt

Epoch 91/100  lr=1.99e-03
------------------------------------------------------------
  [epoch 91/100]  batch 10/125  loss=0.086403
  [epoch 91/100]  batch 20/125  loss=0.072848
  [epoch 91/100]  batch 30/125  loss=0.058558
  [epoch 91/100]  batch 40/125  loss=0.087026
  [epoch 91/100]  batch 50/125  loss=0.096784
  [epoch 91/100]  batch 60/125  loss=0.099430
  [epoch 91/100]  batch 70/125  loss=0.089759
  [epoch 91/100]  batch 80/125  loss=0.080563
  [epoch 91/100]  batch 90/125  loss=0.069949
  [epoch 91/100]  batch 100/125  loss=0.058697
  [epoch 91/100]  batch 110/125  loss=0.055830
Signal is not finite or has very high values after bandpass filtering, returning original data.
Probably the order parameter is too high.
Max value in bandpass augmented data (the augmentation is ignored), (xmax, ymax): 1.0101735887491363 1.3132634275205681
lowcut, highcut, fs, order: 93.57307709421751 3957.141974299366 16000 7
  [epoch 91/100]  batch 120/125  loss=0.070044
------------------------------------------------------------
Epoch  91/100  train=0.076552  val=0.074971  gap=-0.001581  time=1683s  energy=0.00Wh  CO2=0.00g
  No improvement. Best val=0.071590

Epoch 92/100  lr=1.99e-03
------------------------------------------------------------
Signal is not finite or has very high values after bandpass filtering, returning original data.
Probably the order parameter is too high.
Max value in bandpass augmented data (the augmentation is ignored), (xmax, ymax): 0.7297658008278053 1.1317449443045744
lowcut, highcut, fs, order: 60.12384011550794 3786.773040010876 16000 7
  [epoch 92/100]  batch 10/125  loss=0.076500
  [epoch 92/100]  batch 20/125  loss=0.073481
  [epoch 92/100]  batch 30/125  loss=0.071383
  [epoch 92/100]  batch 40/125  loss=0.077068
  [epoch 92/100]  batch 50/125  loss=0.083113
  [epoch 92/100]  batch 60/125  loss=0.076486
  [epoch 92/100]  batch 70/125  loss=0.071023
  [epoch 92/100]  batch 80/125  loss=0.061511
  [epoch 92/100]  batch 90/125  loss=0.087376
  [epoch 92/100]  batch 100/125  loss=0.061557
Signal is not finite or has very high values after bandpass filtering, returning original data.
Probably the order parameter is too high.
Max value in bandpass augmented data (the augmentation is ignored), (xmax, ymax): 0.831964724787303 1.1094580862383254
lowcut, highcut, fs, order: 43.566026977889045 3680.0952666215553 16000 7
  [epoch 92/100]  batch 110/125  loss=0.068441
  [epoch 92/100]  batch 120/125  loss=0.073346
------------------------------------------------------------
Epoch  92/100  train=0.075944  val=0.073339  gap=-0.002605  time=1674s  energy=0.00Wh  CO2=0.00g
  No improvement. Best val=0.071590

Epoch 93/100  lr=1.99e-03
------------------------------------------------------------
  [epoch 93/100]  batch 10/125  loss=0.077558
  [epoch 93/100]  batch 20/125  loss=0.091941
  [epoch 93/100]  batch 30/125  loss=0.063130
  [epoch 93/100]  batch 40/125  loss=0.098024
  [epoch 93/100]  batch 50/125  loss=0.093867
  [epoch 93/100]  batch 60/125  loss=0.087482
  [epoch 93/100]  batch 70/125  loss=0.066280
  [epoch 93/100]  batch 80/125  loss=0.085132
  [epoch 93/100]  batch 90/125  loss=0.079037
  [epoch 93/100]  batch 100/125  loss=0.069192
  [epoch 93/100]  batch 110/125  loss=0.100067
  [epoch 93/100]  batch 120/125  loss=0.082494
------------------------------------------------------------
Epoch  93/100  train=0.075289  val=0.077698  gap=+0.002409  time=1728s  energy=0.00Wh  CO2=0.00g
  No improvement. Best val=0.071590

Epoch 94/100  lr=1.99e-03
------------------------------------------------------------
  [epoch 94/100]  batch 10/125  loss=0.079493
  [epoch 94/100]  batch 20/125  loss=0.078217
  [epoch 94/100]  batch 30/125  loss=0.094399
Signal is not finite or has very high values after bandpass filtering, returning original data.
Probably the order parameter is too high.
Max value in bandpass augmented data (the augmentation is ignored), (xmax, ymax): 2.0583586348147427 2.6068791875784494
lowcut, highcut, fs, order: 93.20349447135126 2884.0759594438523 16000 7
  [epoch 94/100]  batch 40/125  loss=0.068234
  [epoch 94/100]  batch 50/125  loss=0.069966
  [epoch 94/100]  batch 60/125  loss=0.085156
  [epoch 94/100]  batch 70/125  loss=0.074616
  [epoch 94/100]  batch 80/125  loss=0.079304
  [epoch 94/100]  batch 90/125  loss=0.067942
  [epoch 94/100]  batch 100/125  loss=0.073966
  [epoch 94/100]  batch 110/125  loss=0.067646
  [epoch 94/100]  batch 120/125  loss=0.081630
------------------------------------------------------------
Epoch  94/100  train=0.075702  val=0.077306  gap=+0.001604  time=1758s  energy=0.00Wh  CO2=0.00g
  No improvement. Best val=0.071590

Epoch 95/100  lr=1.99e-03
------------------------------------------------------------
  [epoch 95/100]  batch 10/125  loss=0.081394
  [epoch 95/100]  batch 20/125  loss=0.076743
  [epoch 95/100]  batch 30/125  loss=0.092401
  [epoch 95/100]  batch 40/125  loss=0.070315
  [epoch 95/100]  batch 50/125  loss=0.074532
  [epoch 95/100]  batch 60/125  loss=0.074807
  [epoch 95/100]  batch 70/125  loss=0.064167
  [epoch 95/100]  batch 80/125  loss=0.064549
  [epoch 95/100]  batch 90/125  loss=0.066652
  [epoch 95/100]  batch 100/125  loss=0.067843
  [epoch 95/100]  batch 110/125  loss=0.090814
  [epoch 95/100]  batch 120/125  loss=0.073905
------------------------------------------------------------
Epoch  95/100  train=0.076600  val=0.071028  gap=-0.005572  time=1761s  energy=0.00Wh  CO2=0.00g
  ✓ Best model saved (val_loss=0.071028)
  Checkpoint saved: /gpfs/helios/home/etais/hpc_bilal/nn_proj/runs/full_train/lr5em03_samp2000/crn_h161/checkpoints/checkpoint_epoch95.pt

Epoch 96/100  lr=1.89e-03
------------------------------------------------------------
  [epoch 96/100]  batch 10/125  loss=0.092626
  [epoch 96/100]  batch 20/125  loss=0.087457
  [epoch 96/100]  batch 30/125  loss=0.071088
  [epoch 96/100]  batch 40/125  loss=0.082027
  [epoch 96/100]  batch 50/125  loss=0.072242
  [epoch 96/100]  batch 60/125  loss=0.065625
Signal is not finite or has very high values after bandpass filtering, returning original data.
Probably the order parameter is too high.
Max value in bandpass augmented data (the augmentation is ignored), (xmax, ymax): 1.0923515872311231 1.382768390261347
lowcut, highcut, fs, order: 86.1029790955597 3671.967672592293 16000 7
  [epoch 96/100]  batch 70/125  loss=0.070154
  [epoch 96/100]  batch 80/125  loss=0.062425
  [epoch 96/100]  batch 90/125  loss=0.061988
  [epoch 96/100]  batch 100/125  loss=0.085781
  [epoch 96/100]  batch 110/125  loss=0.075390
  [epoch 96/100]  batch 120/125  loss=0.062666
------------------------------------------------------------
Epoch  96/100  train=0.075454  val=0.071023  gap=-0.004432  time=1744s  energy=0.00Wh  CO2=0.00g
  ✓ Best model saved (val_loss=0.071023)

Epoch 97/100  lr=1.89e-03
------------------------------------------------------------
  [epoch 97/100]  batch 10/125  loss=0.061501
  [epoch 97/100]  batch 20/125  loss=0.066672
  [epoch 97/100]  batch 30/125  loss=0.086486
  [epoch 97/100]  batch 40/125  loss=0.064551
  [epoch 97/100]  batch 50/125  loss=0.069615
  [epoch 97/100]  batch 60/125  loss=0.091875
  [epoch 97/100]  batch 70/125  loss=0.084500
  [epoch 97/100]  batch 80/125  loss=0.063167
  [epoch 97/100]  batch 90/125  loss=0.082823
  [epoch 97/100]  batch 100/125  loss=0.073319
  [epoch 97/100]  batch 110/125  loss=0.072913
  [epoch 97/100]  batch 120/125  loss=0.088232
------------------------------------------------------------
Epoch  97/100  train=0.074305  val=0.073223  gap=-0.001083  time=1751s  energy=0.00Wh  CO2=0.00g
  No improvement. Best val=0.071023

Epoch 98/100  lr=1.89e-03
------------------------------------------------------------
  [epoch 98/100]  batch 10/125  loss=0.069587
  [epoch 98/100]  batch 20/125  loss=0.063213
  [epoch 98/100]  batch 30/125  loss=0.074248
  [epoch 98/100]  batch 40/125  loss=0.067195
  [epoch 98/100]  batch 50/125  loss=0.069968
  [epoch 98/100]  batch 60/125  loss=0.073574
  [epoch 98/100]  batch 70/125  loss=0.055395
  [epoch 98/100]  batch 80/125  loss=0.074981
Signal is not finite or has very high values after bandpass filtering, returning original data.
Probably the order parameter is too high.
Max value in bandpass augmented data (the augmentation is ignored), (xmax, ymax): 0.8503539456155635 1.1208627697726472
lowcut, highcut, fs, order: 47.72400987150526 2826.183475166094 16000 7
  [epoch 98/100]  batch 90/125  loss=0.082045
  [epoch 98/100]  batch 100/125  loss=0.067074
  [epoch 98/100]  batch 110/125  loss=0.070778
  [epoch 98/100]  batch 120/125  loss=0.075836
------------------------------------------------------------
Epoch  98/100  train=0.073204  val=0.072348  gap=-0.000857  time=1778s  energy=0.00Wh  CO2=0.00g
  No improvement. Best val=0.071023

Epoch 99/100  lr=1.89e-03
------------------------------------------------------------
  [epoch 99/100]  batch 10/125  loss=0.062935
  [epoch 99/100]  batch 20/125  loss=0.062805
  [epoch 99/100]  batch 30/125  loss=0.072716
  [epoch 99/100]  batch 40/125  loss=0.070381
  [epoch 99/100]  batch 50/125  loss=0.057717
  [epoch 99/100]  batch 60/125  loss=0.065891
  [epoch 99/100]  batch 70/125  loss=0.081536
  [epoch 99/100]  batch 80/125  loss=0.082871
  [epoch 99/100]  batch 90/125  loss=0.073195
  [epoch 99/100]  batch 100/125  loss=0.075740
  [epoch 99/100]  batch 110/125  loss=0.072889
  [epoch 99/100]  batch 120/125  loss=0.078942
------------------------------------------------------------
Epoch  99/100  train=0.077567  val=0.072069  gap=-0.005498  time=1780s  energy=0.00Wh  CO2=0.00g
  No improvement. Best val=0.071023

Epoch 100/100  lr=1.89e-03
------------------------------------------------------------
  [epoch 100/100]  batch 10/125  loss=0.066519
  [epoch 100/100]  batch 20/125  loss=0.088971
  [epoch 100/100]  batch 30/125  loss=0.078767
  [epoch 100/100]  batch 40/125  loss=0.063611
  [epoch 100/100]  batch 50/125  loss=0.106430
  [epoch 100/100]  batch 60/125  loss=0.071206
  [epoch 100/100]  batch 70/125  loss=0.077522
  [epoch 100/100]  batch 80/125  loss=0.062483
  [epoch 100/100]  batch 90/125  loss=0.073375
  [epoch 100/100]  batch 100/125  loss=0.068502
  [epoch 100/100]  batch 110/125  loss=0.101192
  [epoch 100/100]  batch 120/125  loss=0.087459
------------------------------------------------------------
Epoch 100/100  train=0.075095  val=0.072435  gap=-0.002661  time=1722s  energy=0.00Wh  CO2=0.00g
  No improvement. Best val=0.071023
  Checkpoint saved: /gpfs/helios/home/etais/hpc_bilal/nn_proj/runs/full_train/lr5em03_samp2000/crn_h161/checkpoints/checkpoint_epoch100.pt

======================================================================
Training complete: CRN h=161
======================================================================
Total time     : 164497s  (45.69h)
Best val loss  : 0.071023
Total energy   : 13244.2449 Wh
GPU energy     : 11480.9007 Wh
CPU energy     : 881.8145 Wh
RAM energy     : 881.5297 Wh
Total CO2      : 5518.4398 gCO2eq
Avg GPU power  : 251.5 W
Avg CPU power  : 20.0 W
  Loss curves saved: /gpfs/helios/home/etais/hpc_bilal/nn_proj/runs/full_train/lr5em03_samp2000/crn_h161/loss_curves.png

Final test evaluation using best model...
Best model epoch : 96
Train loss       : 0.075454
Val loss         : 0.071023
Test loss        : 0.068932


======================================================================
FINAL SUMMARY
======================================================================
Model                    Params    BestVal   TestLoss   Energy(Wh)     CO2(g)
----------------------------------------------------------------------
GRU h=161               339,066   0.066046   0.064033   12454.4023  5189.3384
CRN h=161             3,948,364   0.071023   0.068932   13244.2449  5518.4398

Total job time : 328526s  (91.26h)
RUN_TYPE       : full_train
Results saved  : /gpfs/helios/home/etais/hpc_bilal/nn_proj/runs/full_train/lr5em03_samp2000

Next steps:
  Run block4and5.py to enhance audio and compute DNSMOS.

========================================================================
Full training finished : Wed Jun  3 00:31:09 EEST 2026
Job ID                 : 66147341
========================================================================
